-- phpMyAdmin SQL Dump
-- version 4.9.0.1
-- https://www.phpmyadmin.net/
--
-- Хост: 127.0.0.1:3306
-- Время создания: Апр 10 2020 г., 13:10
-- Версия сервера: 8.0.15
-- Версия PHP: 7.3.9

SET SQL_MODE = "NO_AUTO_VALUE_ON_ZERO";
SET AUTOCOMMIT = 0;
START TRANSACTION;
SET time_zone = "+00:00";


/*!40101 SET @OLD_CHARACTER_SET_CLIENT=@@CHARACTER_SET_CLIENT */;
/*!40101 SET @OLD_CHARACTER_SET_RESULTS=@@CHARACTER_SET_RESULTS */;
/*!40101 SET @OLD_COLLATION_CONNECTION=@@COLLATION_CONNECTION */;
/*!40101 SET NAMES utf8mb4 */;

--
-- База данных: `muse`
--

-- --------------------------------------------------------

--
-- Структура таблицы `equipment`
--

CREATE TABLE `equipment` (
  `id` int(10) UNSIGNED NOT NULL,
  `object_id` int(10) UNSIGNED NOT NULL,
  `type` varchar(100) NOT NULL,
  `name` varchar(100) NOT NULL,
  `short_name` varchar(50) NOT NULL,
  `category` varchar(10) NOT NULL,
  `quantity` int(2) UNSIGNED NOT NULL
) ENGINE=MyISAM DEFAULT CHARSET=utf8;

--
-- Дамп данных таблицы `equipment`
--

INSERT INTO `equipment` (`id`, `object_id`, `type`, `name`, `short_name`, `category`, `quantity`) VALUES
(1, 1, 'Мультиплексор', 'ABB FOX-515', 'Оборудование SDH и DWDM', 'G', 1),
(2, 1, 'Телекомм. шкаф', 'Шкаф Rittal TS8 ', 'Шкаф', 'A', 1),
(3, 1, 'ЭПУ', 'Eltek Flatpack2', 'ЭПУ/ИБП', 'B', 1),
(4, 2, 'Мультиплексор', 'ABB FOX-515', 'Оборудование SDH и DWDM', 'G', 1),
(5, 2, 'Мультиплексор', 'NEC SpectralWave', 'Оборудование SDH и DWDM', 'G', 1),
(6, 2, 'Телекомм. Шкаф', 'Шкаф Rittal TS8 ', 'Шкаф', 'A', 2),
(7, 2, 'ЭПУ', 'Eltek Minipack ', 'ЭПУ/ИБП', 'B', 1),
(8, 3, 'Коммутатор ', 'Cisco ME3400', 'Оборудование ПД', 'C', 2),
(9, 3, 'Маршрутизатор            ', 'Cisco 2821', 'Оборудование ПД', 'C', 2),
(10, 3, 'Мультиплексор ', 'ABB FOX-515', 'Оборудование SDH и DWDM', 'G', 4),
(11, 3, 'Мультиплексор ', 'NEC SpectralWave', 'Оборудование SDH и DWDM', 'G', 1),
(12, 3, 'Телекомм. шкаф', 'NEC', 'Шкаф', 'A', 1),
(13, 3, 'Телекомм. шкаф', 'Шкаф Rittal TS8 ', 'Шкаф', 'A', 5),
(14, 3, 'ЭПУ', 'Eltek Minipack ', 'ЭПУ/ИБП', 'B', 1),
(15, 3, 'ЭПУ', 'Eltek Minipack ', 'ЭПУ/ИБП', 'B', 2),
(16, 4, 'Мультиплексор ', 'ABB FOX-512', 'Оборудование SDH и DWDM', 'G', 1),
(17, 4, 'ЭПУ', 'Eltek Minipack ', 'ЭПУ/ИБП', 'B', 1),
(18, 4, 'Телекомм. Шкаф', 'Шкаф Rittal TS8 ', 'Шкаф', 'A', 1),
(19, 5, 'Мультиплексор', 'NEC SpectralWave', 'Оборудование SDH и DWDM', 'G', 1),
(20, 5, 'DWDM мультиплексор', 'Transmode TM-3000', 'Оборудование SDH и DWDM', 'G', 1),
(21, 5, 'Телекомм. шкаф', 'Шкаф', 'Шкаф', 'A', 2),
(22, 5, 'ЭПУ', 'Eltek Flatpack2', 'ЭПУ/ИБП', 'B', 1),
(23, 6, 'Мультиплексор ', 'ABB FOX-515', 'Оборудование SDH и DWDM', 'G', 1),
(24, 6, 'Телекомм. шкаф', 'Шкаф Rittal TS8 ', 'Шкаф', 'A', 2),
(25, 6, 'ЭПУ', 'Elteco NTX Minirack ', 'ЭПУ/ИБП', 'B', 1),
(26, 6, 'Коммутатор ', 'Cisco ME3400', 'Оборудование ПД', 'C', 2),
(27, 6, 'Маршрутизатор            ', 'Cisco 2921', 'Оборудование ПД', 'C', 2),
(28, 7, 'Мультиплексор ', 'ABB FOX-515', 'Оборудование SDH и DWDM', 'G', 1),
(29, 7, 'Телекомм. шкаф', 'Шкаф ', 'Шкаф', 'A', 1),
(30, 7, 'ЭПУ', 'Eltek Flatpack2', 'ЭПУ/ИБП', 'B', 1),
(31, 8, 'Мультиплексор', 'ABB FOX-515', 'Оборудование SDH и DWDM', 'G', 1),
(32, 8, 'Мультиплексор', 'NEC SpectralWave', 'Оборудование SDH и DWDM', 'G', 1),
(33, 8, 'Телекомм. шкаф', 'Шкаф Rittal TS8 ', 'Шкаф', 'A', 2),
(34, 8, 'ЭПУ', 'Eltek Minipack ', 'ЭПУ/ИБП', 'B', 1),
(35, 9, 'Мультиплексор', 'ABB FOX-515', 'Оборудование SDH и DWDM', 'G', 1),
(36, 9, 'Мультиплексор', 'NEC SpectralWave', 'Оборудование SDH и DWDM', 'G', 1),
(37, 9, 'Телекомм. шкаф', 'TLK 19', 'Шкаф', 'A', 1),
(38, 9, 'Телекомм. шкаф', 'Шкаф Rittal TS8 ', 'Шкаф', 'A', 1),
(39, 9, 'ЭПУ', 'Elteco NTX Minirack ', 'ЭПУ/ИБП', 'B', 1),
(40, 10, 'Мультиплексор', 'ABB FOX-515', 'Оборудование SDH и DWDM', 'G', 1),
(41, 11, 'Мультиплексор', 'ABB FOX-515', 'Оборудование SDH и DWDM', 'G', 2),
(42, 11, 'Мультиплексор', 'NEC SpectralWave', 'Оборудование SDH и DWDM', 'G', 1),
(43, 11, 'Мультиплексор', 'NEC SpectralWave', 'Оборудование SDH и DWDM', 'G', 1),
(44, 11, 'Телекомм. шкаф', 'Шкаф Rittal TS8 ', 'Шкаф', 'A', 2),
(45, 11, 'ЭПУ', 'УЭПС-2', 'ЭПУ/ИБП', 'B', 1),
(46, 11, 'Сервер NMS/EMS', 'СУ NEC INC-100MS', 'Сервер ', 'SRV', 1),
(47, 11, 'АРМ', 'Рабочая станция СУ', 'Рабочая станция ', ' WS', 1),
(48, 11, 'Сервер NMS/EMS', 'СУ ABB Foxman UN', 'Сервер ', 'SRV', 1),
(49, 12, 'Мультиплексор ', 'ABB FOX-515', 'Оборудование SDH и DWDM', 'G', 1),
(50, 12, 'Телекомм. шкаф', 'Шкаф Rittal TS8 ', 'Шкаф', 'A', 1),
(51, 13, 'Мультиплексор ', 'ABB FOX-515', 'Оборудование SDH и DWDM', 'G', 1),
(52, 13, 'Телекомм. шкаф', 'Шкаф Rittal TS8 ', 'Шкаф', 'A', 1),
(53, 13, 'ЭПУ', 'Elteco NTX Minirack ', 'ЭПУ/ИБП', 'B', 1),
(54, 14, 'Мультиплексор', 'ABB FOX-512', 'Оборудование SDH и DWDM', 'G', 1),
(55, 14, 'Телекомм. шкаф', 'Шкаф TLK 19', 'Шкаф', 'A', 1),
(56, 14, 'ЭПУ', 'Eltek Minipack ', 'ЭПУ/ИБП', 'B', 1),
(57, 15, 'Мультиплексор', 'ABB FOX-512', 'Оборудование SDH и DWDM', 'G', 1),
(58, 15, 'Телекомм. шкаф', 'Шкаф TLK 19', 'Шкаф', 'A', 1),
(59, 15, 'ЭПУ', 'Eltek Minipack ', 'ЭПУ/ИБП', 'B', 1),
(60, 16, 'Мультиплексор', 'ABB FOX-515', 'Оборудование SDH и DWDM', 'G', 1),
(61, 16, 'Мультиплексор', 'NEC SpectralWave', 'Оборудование SDH и DWDM', 'G', 1),
(62, 16, 'Телекомм. шкаф', 'Шкаф Rittal TS8 ', 'Шкаф', 'A', 2),
(63, 16, 'Усилитель оптический', 'КОНУС EAU-100-Т21', 'Оборудование SDH и DWDM', 'G', 1),
(64, 16, 'ЭПУ', 'Eltek Minipack ', 'ЭПУ/ИБП', 'B', 1),
(65, 17, 'Мультиплексор', 'NEC SpectralWave', 'Оборудование SDH и DWDM', 'G', 1),
(66, 17, 'Телекомм. шкаф', 'Шкаф NEC', 'Шкаф', 'A', 1),
(67, 17, 'Телекомм. шкаф', 'Шкаф Rittal TS8 ', 'Шкаф', 'A', 1),
(68, 17, 'ЭПУ', 'Eltek Flatpack2', 'ЭПУ/ИБП', 'B', 1),
(69, 18, 'Телекомм. шкаф', 'Шкаф Rittal TS8 ', 'Шкаф', 'A', 1),
(70, 18, 'Мультиплексор', 'ABB FOX-515', 'Оборудование SDH и DWDM', 'G', 1),
(71, 18, 'ЭПУ', 'Elteco NTX Minirack ', 'ЭПУ/ИБП', 'B', 1),
(72, 19, 'Мультиплексор ', 'ABB FOX-515', 'Оборудование SDH и DWDM', 'G', 1),
(73, 19, 'Мультиплексор ', 'NEC SpectralWave', 'Оборудование SDH и DWDM', 'G', 1),
(74, 19, 'Телекомм. шкаф', 'Шкаф NEC ', 'Шкаф', 'A', 1),
(75, 19, 'Телекомм. шкаф', 'Шкаф Rittal TS8 ', 'Шкаф', 'A', 1),
(76, 19, 'Телекомм. шкаф', 'Шкаф TLK 19', 'Шкаф', 'A', 1),
(77, 19, 'ЭПУ', 'Elteco BZX', 'ЭПУ/ИБП', 'B', 1),
(78, 20, 'Мультиплексор ', 'ABB FOX-512', 'Оборудование SDH и DWDM', 'G', 1),
(79, 20, 'Телекомм. шкаф', 'Шкаф Rittal TS8 ', 'Шкаф', 'A', 1),
(80, 21, 'Мультиплексор ', 'ABB FOX-515', 'Оборудование SDH и DWDM', 'G', 1),
(81, 21, 'Телекомм. шкаф', 'Шкаф Rittal TS8 ', 'Шкаф', 'A', 1),
(82, 21, 'ЭПУ', 'Eltek Flatpack2', 'ЭПУ/ИБП', 'B', 1),
(83, 22, 'Мультиплексор', 'ABB FOX-515', 'Оборудование SDH и DWDM', 'G', 2),
(84, 22, 'Мультиплексор', 'NEC SpectralWave', 'Оборудование SDH и DWDM', 'G', 1),
(85, 22, 'Телекомм. шкаф', 'Шкаф NEC', 'Шкаф', 'A', 1),
(86, 22, 'Телекомм. шкаф', 'Шкаф Rittal TS8 ', 'Шкаф', 'A', 3),
(87, 22, 'Сервер NMS/EMS', 'СУ NEC INC-100MS', 'Сервер ', 'SRV', 1),
(88, 22, 'АРМ', 'Рабочая станция СУ', 'Рабочая станция ', ' WS', 1),
(89, 22, 'Сервер NMS/EMS', 'СУ ABB Foxman UN', 'Сервер ', 'SRV', 1),
(90, 22, 'ЭПУ', 'Eltek Flatpack2', 'ЭПУ/ИБП', 'B', 1),
(91, 22, 'ЭПУ', 'Eltek Flatpack2', 'ЭПУ/ИБП', 'B', 1),
(92, 23, 'Мультиплексор', 'ABB FOX-515', 'Оборудование SDH и DWDM', 'G', 1),
(93, 23, 'Мультиплексор', 'NEC SpectralWave', 'Оборудование SDH и DWDM', 'G', 1),
(94, 23, 'Телекомм. шкаф', 'Шкаф Rittal TS8 ', 'Шкаф', 'A', 1),
(95, 23, 'Телекомм. шкаф', 'Шкаф NEC', 'Шкаф', 'A', 1),
(96, 23, 'ЭПУ', 'Eltek Flatpack2', 'ЭПУ/ИБП', 'B', 1),
(97, 24, 'Мультиплексор', 'ABB FOX-515', 'Оборудование SDH и DWDM', 'G', 2),
(98, 24, 'Мультиплексор', 'NEC SpectralWave', 'Оборудование SDH и DWDM', 'G', 2),
(99, 24, 'Сервер NMS/EMS', 'СУ ABB Foxman UN', 'Сервер ', 'SRV', 1),
(100, 24, 'Сервер NMS/EMS', 'СУ ABB Foxman UN', 'Сервер ', 'SRV', 1),
(101, 24, 'Сервер NMS/EMS', 'СУ NEC INC-100MS', 'Сервер ', 'SRV', 2),
(102, 24, 'Сервер NMS/EMS', 'СУ Transmode NM', 'Сервер ', 'SRV', 1),
(103, 24, 'АРМ', 'Рабочая станция СУ', 'Рабочая станция ', 'WS', 1),
(104, 24, 'АРМ', 'Рабочая станция СУ', 'Рабочая станция ', ' WS', 1),
(105, 24, 'Телекомм. шкаф', 'Шкаф Rittal TS8 ', 'Шкаф', 'A', 2),
(106, 24, 'ЭПУ', 'Eltek Minipack ', 'ЭПУ/ИБП', 'B', 2),
(107, 24, 'DWDM мультиплексор', 'Transmode TM-3000', 'Оборудование SDH и DWDM', 'G', 1),
(108, 25, 'Мультиплексор', 'NEC SpectralWave', 'Оборудование SDH и DWDM', 'G', 1),
(109, 25, 'Телекомм. шкаф', 'Шкаф Rittal TS8 ', 'Шкаф', 'A', 1),
(110, 25, 'Телекомм. шкаф', 'Шкаф NEC', 'Шкаф', 'A', 1),
(111, 25, 'ЭПУ', 'Eltek Flatpack2', 'ЭПУ/ИБП', 'B', 1),
(112, 26, 'Мультиплексор', 'NEC SpectralWave', 'Оборудование SDH и DWDM', 'G', 1),
(113, 26, 'Телекомм. шкаф', 'Шкаф Rittal TS8 ', 'Шкаф', 'A', 1),
(114, 26, 'ЭПУ', 'Eltek Minipack ', 'ЭПУ/ИБП', 'B', 1),
(115, 27, 'Мультиплексор', 'NEC SpectralWave', 'Оборудование SDH и DWDM', 'G', 1),
(116, 27, 'Телекомм. шкаф', 'Шкаф Rittal TS8 ', 'Шкаф', 'A', 1),
(117, 27, 'ЭПУ', 'Eltek Minipack ', 'ЭПУ/ИБП', 'B', 1),
(118, 28, 'Мультиплексор ', 'NEC SpectralWave', 'Оборудование SDH и DWDM', 'G', 1),
(119, 28, 'DWDM мультиплексор', 'Transmode TM-3000', 'Оборудование SDH и DWDM', 'G', 1),
(120, 28, 'Телекомм. шкаф', 'Шкаф ', 'Шкаф', 'A', 2),
(121, 28, 'ЭПУ', 'Eltek Flatpack2', 'ЭПУ/ИБП', 'B', 1),
(122, 29, 'Коммутатор', 'Cisco ME2400', 'Оборудование ПД', 'C', 2),
(123, 29, 'Маршрутизатор', 'Cisco 2821', 'Оборудование ПД', 'C', 2),
(124, 29, 'Мультиплексор', 'ABB FOX-515', 'Оборудование SDH и DWDM', 'G', 2),
(125, 29, 'Мультиплексор', 'NEC SpectralWave', 'Оборудование SDH и DWDM', 'G', 1),
(126, 29, 'Телекомм. шкаф', 'Шкаф Rittal TS8 ', 'Шкаф', 'A', 3),
(127, 29, 'ЭПУ', 'Eltek Minipack ', 'ЭПУ/ИБП', 'B', 1),
(128, 30, 'Коммутатор', 'Cisco ME2400', 'Оборудование ПД', 'C', 2),
(129, 30, 'Маршрутизатор', 'Cisco 2821', 'Оборудование ПД', 'C', 2),
(130, 30, 'Мультиплексор', 'ABB FOX-515', 'Оборудование SDH и DWDM', 'G', 2),
(131, 30, 'Мультиплексор', 'NEC SpectralWave', 'Оборудование SDH и DWDM', 'G', 1),
(132, 30, 'Телекомм. шкаф', 'Шкаф Rittal TS8 ', 'Шкаф', 'A', 3),
(133, 30, 'ЭПУ', 'Eltek Flatpack2', 'ЭПУ/ИБП', 'B', 1),
(134, 30, 'ЭПУ', 'Eltek Minipack ', 'ЭПУ/ИБП', 'B', 1),
(135, 31, 'Коммутатор ', 'Cisco C2960', 'Оборудование ПД', 'C', 2),
(136, 31, 'Маршрутизатор            ', 'Cisco 2821', 'Оборудование ПД', 'C', 2),
(137, 31, 'Телекомм. шкаф', 'Шкаф TLK 19', 'Шкаф', 'A', 1),
(138, 31, 'Мультиплексор ', 'ABB FOX-515', 'Оборудование SDH и DWDM', 'G', 1),
(139, 31, 'Мультиплексор ', 'NEC SpectralWave', 'Оборудование SDH и DWDM', 'G', 1),
(140, 31, 'Телекомм. шкаф', 'Шкаф Rittal TS8 ', 'Шкаф', 'A', 2),
(141, 31, 'ЭПУ', 'EATON APS3', 'ЭПУ/ИБП', 'B', 1),
(142, 32, 'Коммутатор', 'Cisco ME2400', 'Оборудование ПД', 'C', 2),
(143, 32, 'Маршрутизатор', 'Cisco 2821', 'Оборудование ПД', 'C', 2),
(144, 32, 'Мультиплексор', 'ABB FOX-515', 'Оборудование SDH и DWDM', 'G', 1),
(145, 32, 'Мультиплексор', 'NEC SpectralWave', 'Оборудование SDH и DWDM', 'G', 1),
(146, 32, 'Телекомм. шкаф', 'Шкаф Rittal TS8 ', 'Шкаф', 'A', 2),
(147, 32, 'ЭПУ', 'Eltek Minipack ', 'ЭПУ/ИБП', 'B', 1),
(148, 33, 'Мультиплексор ', 'NEC SpectralWave', 'Оборудование SDH и DWDM', 'G', 1),
(149, 33, 'Мультиплексор ', 'ABB FOX-515', 'Оборудование SDH и DWDM', 'G', 1),
(150, 33, 'Коммутатор ', 'Cisco C2960', 'Оборудование ПД', 'C', 2),
(151, 33, 'Маршрутизатор            ', 'Cisco 2821', 'Оборудование ПД', 'C', 2),
(152, 33, 'Телекомм. шкаф', 'Шкаф Rittal TS8 ', 'Шкаф', 'A', 3),
(153, 33, 'ЭПУ', 'EATON BPW-9130 ', 'ЭПУ/ИБП', 'B', 1),
(154, 33, 'ЭПУ', 'Elteco NTX Minirack ', 'ЭПУ/ИБП', 'B', 2),
(155, 33, 'Усилитель оптический', 'КОНУС EAU-100-Т21', 'Оборудование SDH и DWDM', 'G', 2),
(156, 34, 'Коммутатор ', 'Cisco C2960', 'Оборудование ПД', 'C', 2),
(157, 34, 'Маршрутизатор            ', 'Cisco 2821', 'Оборудование ПД', 'C', 2),
(158, 34, 'Мультиплексор ', 'ABB FOX-515', 'Оборудование SDH и DWDM', 'G', 1),
(159, 34, 'Мультиплексор ', 'NEC SpectralWave', 'Оборудование SDH и DWDM', 'G', 1),
(160, 34, 'Телекомм. шкаф', 'Шкаф Rittal TS8 ', 'Шкаф', 'A', 2),
(161, 34, 'ЭПУ', 'EATON APS3', 'ЭПУ/ИБП', 'B', 1),
(162, 35, 'DWDM мультиплексор', 'Transmode TM-3000', 'Оборудование SDH и DWDM', 'G', 1),
(163, 35, 'Мультиплексор ', 'NEC SpectralWave', 'Оборудование SDH и DWDM', 'G', 1),
(164, 35, 'ЭПУ', 'Eltek Flatpack2', 'ЭПУ/ИБП', 'B', 1),
(165, 35, 'Телекомм. шкаф', 'Шкаф ', 'Шкаф', 'A', 2),
(166, 36, 'Мультиплексор          ', 'ABB FOX-515', 'Оборудование SDH и DWDM', 'G', 1),
(167, 36, 'Телекомм. шкаф', 'Шкаф Rittal TS8 ', 'Шкаф', 'A', 1),
(168, 36, 'ЭПУ', 'Eltek Flatpack2', 'ЭПУ/ИБП', 'B', 1),
(169, 36, 'ЭПУ', 'Eltek Minipack', 'ЭПУ/ИБП', 'B', 1),
(170, 37, 'Коммутатор', 'Cisco ME2400', 'Оборудование ПД', 'C', 2),
(171, 37, 'Маршрутизатор', 'Cisco 2821', 'Оборудование ПД', 'C', 2),
(172, 37, 'Мультиплексор', 'ABB FOX-515', 'Оборудование SDH и DWDM', 'G', 1),
(173, 37, 'Мультиплексор', 'NEC SpectralWave', 'Оборудование SDH и DWDM', 'G', 1),
(174, 37, 'Телекомм. шкаф', 'Шкаф Rittal TS8 ', 'Шкаф', 'A', 2),
(175, 37, 'ЭПУ', 'Eltek Minipack ', 'ЭПУ/ИБП', 'B', 1),
(176, 38, 'Коммутатор', 'Cisco ME2400', 'Оборудование ПД', 'C', 2),
(177, 38, 'Маршрутизатор', 'Cisco 2821', 'Оборудование ПД', 'C', 2),
(178, 38, 'Мультиплексор', 'ABB FOX-515', 'Оборудование SDH и DWDM', 'G', 1),
(179, 38, 'Мультиплексор', 'NEC SpectralWave', 'Оборудование SDH и DWDM', 'G', 1),
(180, 38, 'Усилитель оптический', 'КОНУС EAU-100-Т21', 'Оборудование SDH и DWDM', 'G', 1),
(181, 38, 'Телекомм. шкаф', 'Шкаф Rittal TS8 ', 'Шкаф', 'A', 2),
(182, 38, 'ЭПУ', 'Eltek Minipack ', 'ЭПУ/ИБП', 'B', 1),
(183, 39, 'Коммутатор ', 'Cisco C2960', 'Оборудование ПД', 'C', 2),
(184, 39, 'Маршрутизатор            ', 'Cisco 2821', 'Оборудование ПД', 'C', 2),
(185, 39, 'Телекомм. шкаф', 'Шкаф TLK 19', 'Шкаф', 'A', 1),
(186, 39, 'ЭПУ', 'EATON BPW-9130 ', 'ЭПУ/ИБП', 'B', 1),
(187, 39, 'Мультиплексор ', 'ABB FOX-515', 'Оборудование SDH и DWDM', 'G', 2),
(188, 39, 'Телекомм. шкаф', 'Шкаф Rittal TS8', 'Шкаф', 'A', 2),
(189, 39, 'ЭПУ', 'Elteco NTX Smartrack ', 'ЭПУ/ИБП', 'B', 1),
(190, 40, 'Мультиплексор ', 'ABB FOX-515', 'Оборудование SDH и DWDM', 'G', 1),
(191, 40, 'Коммутатор ', 'Cisco C2960', 'Оборудование ПД', 'C', 2),
(192, 40, 'Маршрутизатор            ', 'Cisco 2821', 'Оборудование ПД', 'C', 2),
(193, 40, 'Телекомм. шкаф', 'Шкаф Rittal TS8 ', 'Шкаф', 'A', 1),
(194, 40, 'ЭПУ', 'Elteco NTX Minirack ', 'ЭПУ/ИБП', 'B', 1),
(195, 41, 'Телекомм. шкаф', 'ZPAS', 'Шкаф', 'A', 1),
(196, 41, 'ЭПУ', 'EFORE EPOS MINI', 'ЭПУ/ИБП', 'B', 1),
(197, 41, 'Мультиплексор          ', 'ABB FOX-515', 'Оборудование SDH и DWDM', 'G', 1),
(198, 42, 'Коммутатор ', 'Cisco ME3400', 'Оборудование ПД', 'C', 2),
(199, 42, 'Маршрутизатор            ', 'Cisco 2821', 'Оборудование ПД', 'C', 2),
(200, 42, 'Мультиплексор ', 'ABB FOX-515', 'Оборудование SDH и DWDM', 'G', 2),
(201, 42, 'Мультиплексор ', 'ABB FOX-512', 'Оборудование SDH и DWDM', 'G', 1),
(202, 42, 'Телекомм. шкаф', 'Шкаф Rittal TS8 ', 'Шкаф', 'A', 2),
(203, 42, 'ЭПУ', 'Elteco NTX Smartrack ', 'ЭПУ/ИБП', 'B', 1),
(204, 42, 'ЭПУ', 'Elteco NTX Smartrack ', 'ЭПУ/ИБП', 'B', 1),
(205, 43, 'Телекомм. шкаф', 'ZPAS', 'Шкаф', 'A', 1),
(206, 43, 'ЭПУ', 'EFORE EPOS MINI', 'ЭПУ/ИБП', 'B', 1),
(207, 43, 'Мультиплексор          ', 'ABB FOX-515', 'Оборудование SDH и DWDM', 'G', 1),
(208, 44, 'Мультиплексор', 'ABB FOX-515', 'Оборудование SDH и DWDM', 'G', 1),
(209, 44, 'Мультиплексор', 'NEC SpectralWave', 'Оборудование SDH и DWDM', 'G', 1),
(210, 44, 'Телекомм. шкаф', 'Шкаф Rittal TS8 ', 'Шкаф', 'A', 1),
(211, 44, 'Телекомм. шкаф', 'Шкаф NEC', 'Шкаф', 'A', 1),
(212, 44, 'ЭПУ', 'Eltek Flatpack2', 'ЭПУ/ИБП', 'B', 1),
(213, 45, 'Мультиплексор ', 'NEC SpectralWave', 'Оборудование SDH и DWDM', 'G', 1),
(214, 45, 'DWDM мультиплексор', 'Transmode TM-3000', 'Оборудование SDH и DWDM', 'G', 1),
(215, 45, 'Телекомм. шкаф', 'Шкаф ', 'Шкаф', 'A', 2),
(216, 45, 'ЭПУ', 'Eltek Flatpack2', 'ЭПУ/ИБП', 'B', 1),
(217, 46, 'Коммутатор ', 'Cisco C2960', 'Оборудование ПД', 'C', 2),
(218, 46, 'Маршрутизатор            ', 'Cisco 2821', 'Оборудование ПД', 'C', 2),
(219, 46, 'Телекомм. шкаф', 'Шкаф TLK 19', 'Шкаф', 'A', 1),
(220, 46, 'ЭПУ', 'EATON BPW-9130 ', 'ЭПУ/ИБП', 'B', 1),
(221, 46, 'Мультиплексор ', 'ABB FOX-515', 'Оборудование SDH и DWDM', 'G', 1),
(222, 46, 'Телекомм. шкаф', 'Шкаф Rittal TS8', 'Шкаф', 'A', 2),
(223, 46, 'ЭПУ', 'Elteco NTX Smartrack ', 'ЭПУ/ИБП', 'B', 1),
(224, 47, 'Телекомм. шкаф', 'ZPAS', 'Шкаф', 'A', 1),
(225, 47, 'ЭПУ', 'EFORE EPOS MINI', 'ЭПУ/ИБП', 'B', 1),
(226, 47, 'Мультиплексор          ', 'ABB FOX-515', 'Оборудование SDH и DWDM', 'G', 1),
(227, 48, 'Телекомм. шкаф', 'Шкаф Rittal TS8', 'Шкаф', 'A', 2),
(228, 48, 'Коммутатор ', 'Cisco CGS 2520', 'Оборудование ПД', 'C', 2),
(229, 48, 'Маршрутизатор            ', 'Cisco CGR 2010', 'Оборудование ПД', 'C', 2),
(230, 48, 'Мультиплексор          ', 'ABB FOX-515', 'Оборудование SDH и DWDM', 'G', 1),
(231, 49, 'ЭПУ', 'EATON BPW-9130', 'ЭПУ/ИБП', 'B', 1),
(232, 49, 'Коммутатор ', 'Cisco C2960', 'Оборудование ПД', 'C', 2),
(233, 49, 'Маршрутизатор            ', 'Cisco 2821', 'Оборудование ПД', 'C', 2),
(234, 49, 'Телекомм. шкаф', 'Шкаф TLK 19', 'Шкаф', 'A', 1),
(235, 49, 'Телекомм. шкаф', 'Шкаф Rittal TS8 ', 'Шкаф', 'A', 1),
(236, 49, 'ЭПУ', 'Eltek Minipack ', 'ЭПУ/ИБП', 'B', 1),
(237, 49, 'Мультиплексор', 'ABB FOX-515', 'Оборудование SDH и DWDM', 'G', 1),
(238, 50, 'Телекомм. шкаф', 'Шкаф Rittal TS8 ', 'Шкаф', 'A', 2),
(239, 50, 'Мультиплексор', 'Keymile UMUX-1500', 'Оборудование SDH и DWDM', 'G', 1),
(240, 50, 'Коммутатор ', 'Cisco CGS 2520', 'Оборудование ПД', 'C', 2),
(241, 50, 'Маршрутизатор            ', 'Cisco CGR 2010', 'Оборудование ПД', 'C', 2),
(242, 51, 'Мультиплексор          ', 'ABB FOX-515', 'Оборудование SDH и DWDM', 'G', 1),
(243, 51, 'Телекомм. шкаф', 'Шкаф Rittal TS8 ', 'Шкаф', 'A', 1),
(244, 51, 'ЭПУ', 'Eltek Flatpack2', 'ЭПУ/ИБП', 'B', 1),
(245, 51, 'ЭПУ', 'Eltek Minipack ', 'ЭПУ/ИБП', 'B', 1),
(246, 52, 'Мультиплексор ', 'NEC SpectralWave', 'Оборудование SDH и DWDM', 'G', 1),
(247, 52, 'Мультиплексор ', 'ABB FOX-515', 'Оборудование SDH и DWDM', 'G', 3),
(248, 52, 'ЭПУ', 'Eltek Flatpack2', 'ЭПУ/ИБП', 'B', 1),
(249, 52, 'Телекомм. шкаф', 'Шкаф Rittal TS8', 'Шкаф', 'A', 3),
(250, 52, 'Телекомм. Шкаф', 'Шкаф NEC', 'Шкаф', 'A', 1),
(251, 52, 'Коммутатор ', 'Cisco C2960', 'Оборудование ПД', 'C', 2),
(252, 52, 'Маршрутизатор            ', 'Cisco 2821', 'Оборудование ПД', 'C', 2),
(253, 53, 'Коммутатор', 'Cisco ME2400', 'Оборудование ПД', 'C', 2),
(254, 53, 'Маршрутизатор', 'Cisco 2821', 'Оборудование ПД', 'C', 2),
(255, 53, 'Мультиплексор', 'ABB FOX-515', 'Оборудование SDH и DWDM', 'G', 1),
(256, 53, 'Мультиплексор', 'NEC SpectralWave', 'Оборудование SDH и DWDM', 'G', 1),
(257, 53, 'Телекомм. шкаф', 'Шкаф Rittal TS8 ', 'Шкаф', 'A', 2),
(258, 53, 'ЭПУ', 'Eltek Minipack ', 'ЭПУ/ИБП', 'B', 1),
(259, 54, 'Коммутатор ', 'Cisco C2960', 'Оборудование ПД', 'C', 2),
(260, 54, 'Маршрутизатор            ', 'Cisco 2821', 'Оборудование ПД', 'C', 2),
(261, 54, 'Телекомм. шкаф', 'Шкаф Rittal TS8 ', 'Шкаф', 'A', 1),
(262, 54, 'Мультиплексор', 'Keymile UMUX-1500', 'Оборудование SDH и DWDM', 'G', 1),
(263, 55, 'Мультиплексор          ', 'ABB FOX-515', 'Оборудование SDH и DWDM', 'G', 1),
(264, 55, 'Телекомм. шкаф', 'Шкаф Rittal TS8 ', 'Шкаф', 'A', 1),
(265, 55, 'ЭПУ', 'Elteco NTX Minirack', 'ЭПУ/ИБП', 'B', 1),
(266, 56, 'Коммутатор', 'Cisco ME2400', 'Оборудование ПД', 'C', 2),
(267, 56, 'Маршрутизатор', 'Cisco 2821', 'Оборудование ПД', 'C', 2),
(268, 56, 'Мультиплексор', 'ABB FOX-515', 'Оборудование SDH и DWDM', 'G', 1),
(269, 56, 'Мультиплексор', 'NEC SpectralWave', 'Оборудование SDH и DWDM', 'G', 1),
(270, 56, 'Телекомм. шкаф', 'Шкаф Rittal TS8 ', 'Шкаф', 'A', 2),
(271, 56, 'ЭПУ', 'Eltek Minipack ', 'ЭПУ/ИБП', 'B', 1),
(272, 57, 'Мультиплексор          ', 'ABB FOX-515', 'Оборудование SDH и DWDM', 'G', 1),
(273, 57, 'Телекомм. шкаф', 'Шкаф Rittal TS8 ', 'Шкаф', 'A', 2),
(274, 57, 'ЭПУ', 'Eltek Flatpack2', 'ЭПУ/ИБП', 'B', 1),
(275, 57, 'ЭПУ', 'Eltek Minipack ', 'ЭПУ/ИБП', 'B', 1),
(276, 58, 'Коммутатор', 'Cisco ME2400', 'Оборудование ПД', 'C', 2),
(277, 58, 'Маршрутизатор', 'Cisco 2821', 'Оборудование ПД', 'C', 2),
(278, 58, 'Мультиплексор', 'ABB FOX-515', 'Оборудование SDH и DWDM', 'G', 1),
(279, 58, 'Мультиплексор', 'NEC SpectralWave', 'Оборудование SDH и DWDM', 'G', 1),
(280, 58, 'Телекомм. шкаф', 'Шкаф Rittal TS8 ', 'Шкаф', 'A', 2),
(281, 58, 'ЭПУ', 'Eltek Minipack ', 'ЭПУ/ИБП', 'B', 1),
(282, 59, 'Коммутатор ', 'Cisco C2960', 'Оборудование ПД', 'C', 2),
(283, 59, 'Маршрутизатор            ', 'Cisco 2811', 'Оборудование ПД', 'C', 2),
(284, 59, 'Мультиплексор ', 'ABB FOX-515', 'Оборудование SDH и DWDM', 'G', 1),
(285, 59, 'Телекомм. шкаф', 'Шкаф Rittal TS8 ', 'Шкаф', 'A', 2),
(286, 59, 'ЭПУ', 'Eltek Flatpack2', 'ЭПУ/ИБП', 'B', 1),
(287, 60, 'Мультиплексор ', 'NEC SpectralWave', 'Оборудование SDH и DWDM', 'G', 1),
(288, 60, 'DWDM мультиплексор', 'Transmode TM-3000', 'Оборудование SDH и DWDM', 'G', 1),
(289, 60, 'Телекомм. шкаф', 'Шкаф ', 'Шкаф', 'A', 2),
(290, 60, 'ЭПУ', 'Eltek Flatpack2', 'ЭПУ/ИБП', 'B', 1),
(291, 61, 'Коммутатор ', 'Cisco C2960', 'Оборудование ПД', 'C', 2),
(292, 61, 'Маршрутизатор            ', 'Cisco 2821', 'Оборудование ПД', 'C', 2),
(293, 61, 'Телекомм. шкаф', 'NEC', 'Шкаф', 'A', 1),
(294, 61, 'ЭПУ', 'EATON BPW-9130 ', 'ЭПУ/ИБП', 'B', 1),
(295, 61, 'Мультиплексор ', 'ABB FOX-515', 'Оборудование SDH и DWDM', 'G', 1),
(296, 61, 'Мультиплексор ', 'NEC SpectralWave', 'Оборудование SDH и DWDM', 'G', 1),
(297, 61, 'Телекомм. шкаф', 'Шкаф Rittal TS8 ', 'Шкаф', 'A', 3),
(298, 61, 'ЭПУ', 'Eltek Flatpack2', 'ЭПУ/ИБП', 'B', 1),
(299, 62, 'Мультиплексор ', 'NEC SpectralWave', 'Оборудование SDH и DWDM', 'G', 1),
(300, 62, 'DWDM мультиплексор', 'Transmode TM-3000', 'Оборудование SDH и DWDM', 'G', 1),
(301, 62, 'Телекомм. шкаф', 'Шкаф ', 'Шкаф', 'A', 2),
(302, 62, 'ЭПУ', 'Eltek Flatpack2', 'ЭПУ/ИБП', 'B', 1),
(303, 63, 'Мультиплексор ', 'ABB FOX-515', 'Оборудование SDH и DWDM', 'G', 1),
(304, 63, 'Телекомм. шкаф', 'Шкаф Rittal TS8 ', 'Шкаф', 'A', 1),
(305, 63, 'ЭПУ', 'Elteco NTX Minirack ', 'ЭПУ/ИБП', 'B', 1),
(306, 63, 'Коммутатор ', 'Cisco C2960', 'Оборудование ПД', 'C', 2),
(307, 63, 'Маршрутизатор            ', 'Cisco 2821', 'Оборудование ПД', 'C', 2),
(308, 64, 'ЭПУ', 'EATON BPW-9130', 'ЭПУ/ИБП', 'B', 1),
(309, 64, 'Коммутатор ', 'Cisco C2960', 'Оборудование ПД', 'C', 2),
(310, 64, 'Маршрутизатор            ', 'Cisco 2821', 'Оборудование ПД', 'C', 2),
(311, 64, 'Телекомм. шкаф', 'TFR-TC05', 'Шкаф', 'A', 1),
(312, 65, 'Коммутатор', 'Cisco ME2400', 'Оборудование ПД', 'C', 2),
(313, 65, 'Маршрутизатор', 'Cisco 2821', 'Оборудование ПД', 'C', 2),
(314, 65, 'Мультиплексор', 'ABB FOX-515', 'Оборудование SDH и DWDM', 'G', 1),
(315, 65, 'Мультиплексор', 'NEC SpectralWave', 'Оборудование SDH и DWDM', 'G', 1),
(316, 65, 'Телекомм. шкаф', 'Шкаф Rittal TS8 ', 'Шкаф', 'A', 1),
(317, 65, 'ЭПУ', 'УЭПС-2', 'ЭПУ/ИБП', 'B', 1),
(318, 66, 'DWDM мультиплексор', 'Transmode TM-3000', 'Оборудование SDH и DWDM', 'G', 1),
(319, 66, 'Мультиплексор ', 'NEC SpectralWave', 'Оборудование SDH и DWDM', 'G', 1),
(320, 66, 'Мультиплексор          ', 'ABB FOX-515', 'Оборудование SDH и DWDM', 'G', 1),
(321, 66, 'Телекомм. шкаф', 'Шкаф ', 'Шкаф', 'A', 3),
(322, 66, 'ЭПУ', 'Eltek Flatpack2', 'ЭПУ/ИБП', 'B', 1),
(323, 66, 'Коммутатор ', 'Cisco ME3400', 'Оборудование ПД', 'C', 2),
(324, 67, 'Коммутатор ', 'Cisco ME2400', 'Оборудование ПД', 'C', 2),
(325, 67, 'Маршрутизатор            ', 'Cisco 2821', 'Оборудование ПД', 'C', 2),
(326, 67, 'Мультиплексор ', 'ABB FOX-515', 'Оборудование SDH и DWDM', 'G', 1),
(327, 67, 'Мультиплексор ', 'NEC SpectralWave ', 'Оборудование SDH и DWDM', 'G', 1),
(328, 67, 'Телекомм. шкаф', 'Шкаф NEC', 'Шкаф', 'A', 1),
(329, 67, 'Телекомм. шкаф', 'Шкаф Rittal TS8 ', 'Шкаф', 'A', 1),
(330, 67, 'ЭПУ', 'Elteco BZX', 'ЭПУ/ИБП', 'B', 1),
(331, 67, 'ЭПУ', 'Eltek Minipack ', 'ЭПУ/ИБП', 'B', 1),
(332, 68, 'Коммутатор', 'Cisco ME2400', 'Оборудование ПД', 'C', 2),
(333, 68, 'Маршрутизатор', 'Cisco 2821', 'Оборудование ПД', 'C', 2),
(334, 68, 'Мультиплексор', 'ABB FOX-515', 'Оборудование SDH и DWDM', 'G', 1),
(335, 68, 'Мультиплексор', 'ABB FOX-515', 'Оборудование SDH и DWDM', 'G', 1),
(336, 68, 'Телекомм. шкаф', 'Шкаф Rittal TS8 ', 'Шкаф', 'A', 1),
(337, 68, 'Телекомм. шкаф', 'Шкаф Rittal TS8 ', 'Шкаф', 'A', 1),
(338, 68, 'ЭПУ', 'Eltek Minipack ', 'ЭПУ/ИБП', 'B', 1),
(339, 69, 'Мультиплексор ', 'NEC SpectralWave', 'Оборудование SDH и DWDM', 'G', 1),
(340, 69, 'DWDM мультиплексор', 'Transmode TM-3000', 'Оборудование SDH и DWDM', 'G', 1),
(341, 69, 'Телекомм. шкаф', 'Шкаф ', 'Шкаф', 'A', 2),
(342, 69, 'ЭПУ', 'Eltek Flatpack2', 'ЭПУ/ИБП', 'B', 1),
(343, 70, 'Коммутатор', 'Cisco ME2400', 'Оборудование ПД', 'C', 2),
(344, 70, 'Маршрутизатор', 'Cisco 2821', 'Оборудование ПД', 'C', 2),
(345, 70, 'Мультиплексор', 'ABB FOX-515', 'Оборудование SDH и DWDM', 'G', 1),
(346, 70, 'Мультиплексор', 'NEC SpectralWave', 'Оборудование SDH и DWDM', 'G', 1),
(347, 70, 'Телекомм. шкаф', 'Шкаф Rittal TS8 ', 'Шкаф', 'A', 2),
(348, 70, 'ЭПУ', 'Eltek Minipack ', 'ЭПУ/ИБП', 'B', 1),
(349, 71, 'Коммутатор', 'Cisco ME3400', 'Оборудование ПД', 'C', 2),
(350, 71, 'Маршрутизатор', 'Cisco 2821', 'Оборудование ПД', 'C', 2),
(351, 71, 'Мультиплексор ', 'ABB FOX-515', 'Оборудование SDH и DWDM', 'G', 2),
(352, 71, 'Мультиплексор ', 'Alcatel 1660', 'Оборудование SDH и DWDM', 'G', 1),
(353, 71, 'Усилитель оптический', 'КОНУС EAU-100-Т21', 'Оборудование SDH и DWDM', 'G', 1),
(354, 71, 'Телекомм. шкаф', 'Шкаф ', 'Шкаф', 'A', 3),
(355, 71, 'ЭПУ', 'Eltek FlatPack2', 'ЭПУ/ИБП', 'B', 1),
(356, 72, 'Коммутатор', 'Cisco ME2400', 'Оборудование ПД', 'C', 2),
(357, 72, 'Маршрутизатор', 'Cisco 2821', 'Оборудование ПД', 'C', 2),
(358, 72, 'Мультиплексор', 'ABB FOX-515', 'Оборудование SDH и DWDM', 'G', 1),
(359, 72, 'Мультиплексор', 'NEC SpectralWave', 'Оборудование SDH и DWDM', 'G', 1),
(360, 72, 'Телекомм. шкаф', 'Шкаф Rittal TS8 ', 'Шкаф', 'A', 2),
(361, 72, 'ЭПУ', 'Eltek Minipack ', 'ЭПУ/ИБП', 'B', 1),
(362, 73, 'Мультиплексор          ', 'ABB FOX-515', 'Оборудование SDH и DWDM', 'G', 1),
(363, 73, 'Телекомм. Шкаф', 'Шкаф Rittal TS8 ', 'Шкаф', 'A', 1),
(364, 73, 'ЭПУ', 'Eltek Flatpack2 ', 'ЭПУ/ИБП', 'B', 1),
(365, 73, 'ЭПУ', 'Eltek Minipack ', 'ЭПУ/ИБП', 'B', 1),
(366, 74, 'Коммутатор ', 'Cisco ME2400', 'Оборудование ПД', 'C', 2),
(367, 74, 'Маршрутизатор            ', 'Cisco 2821', 'Оборудование ПД', 'C', 2),
(368, 74, 'Мультиплексор ', 'ABB FOX-515', 'Оборудование SDH и DWDM', 'G', 1),
(369, 74, 'Телекомм. шкаф', 'Шкаф Rittal TS8 ', 'Шкаф', 'A', 1),
(370, 74, 'ЭПУ', 'Eltek Minipack ', 'ЭПУ/ИБП', 'B', 1),
(371, 75, 'Коммутатор', 'Cisco ME2400', 'Оборудование ПД', 'C', 2),
(372, 75, 'Маршрутизатор', 'Cisco 2821', 'Оборудование ПД', 'C', 2),
(373, 75, 'Мультиплексор', 'ABB FOX-515', 'Оборудование SDH и DWDM', 'G', 2),
(374, 75, 'Мультиплексор', 'NEC SpectralWave', 'Оборудование SDH и DWDM', 'G', 1),
(375, 75, 'Телекомм. шкаф', 'Шкаф Rittal TS8 ', 'Шкаф', 'A', 2),
(376, 75, 'Телекомм. шкаф', 'Шкаф NEC', 'Шкаф', 'A', 1),
(377, 75, 'ЭПУ', 'Eltek Minipack ', 'ЭПУ/ИБП', 'B', 1),
(378, 75, 'ЭПУ', 'Eltek Flatpack2', 'ЭПУ/ИБП', 'B', 1),
(379, 75, 'ЭПУ', 'Eltek Flatpack2', 'ЭПУ/ИБП', 'B', 1),
(380, 76, 'Коммутатор', 'Cisco ME2400', 'Оборудование ПД', 'C', 2),
(381, 76, 'Маршрутизатор', 'Cisco 2821', 'Оборудование ПД', 'C', 2),
(382, 76, 'Мультиплексор', 'ABB FOX-515', 'Оборудование SDH и DWDM', 'G', 1),
(383, 76, 'Мультиплексор', 'NEC SpectralWave', 'Оборудование SDH и DWDM', 'G', 1),
(384, 76, 'Телекомм. шкаф', 'Шкаф Rittal TS8 ', 'Шкаф', 'A', 2),
(385, 76, 'ЭПУ', 'Eltek Minipack ', 'ЭПУ/ИБП', 'B', 1),
(386, 77, 'Коммутатор', 'Cisco ME2400', 'Оборудование ПД', 'C', 2),
(387, 77, 'Маршрутизатор', 'Cisco 2821', 'Оборудование ПД', 'C', 2),
(388, 77, 'Мультиплексор', 'ABB FOX-515', 'Оборудование SDH и DWDM', 'G', 1),
(389, 77, 'Мультиплексор', 'NEC SpectralWave', 'Оборудование SDH и DWDM', 'G', 1),
(390, 77, 'Телекомм. шкаф', 'Шкаф Rittal TS8 ', 'Шкаф', 'A', 2),
(391, 77, 'ЭПУ', 'Eltek Minipack ', 'ЭПУ/ИБП', 'B', 1),
(392, 78, 'Коммутатор ', 'Cisco CGS 2520', 'Оборудование ПД', 'C', 2),
(393, 78, 'Маршрутизатор            ', 'Cisco CGR 2010', 'Оборудование ПД', 'C', 2),
(394, 78, 'Телекомм. шкаф', 'Шкаф Rittal TS8 ', 'Шкаф', 'A', 3),
(395, 78, 'ЭПУ', 'EATON APS6', 'ЭПУ/ИБП', 'B', 1),
(396, 78, 'Мультиплексор ', 'ABB FOX-515', 'Оборудование SDH и DWDM', 'G', 1),
(397, 78, 'ЭПУ', 'Eltek Flatpack2', 'ЭПУ/ИБП', 'B', 1),
(398, 79, 'Телекомм. шкаф', 'Шкаф Rittal TS8 ', 'Шкаф', 'A', 2),
(399, 79, 'ЭПУ', 'EATON APS3', 'ЭПУ/ИБП', 'B', 1),
(400, 79, 'Мультиплексор ', 'ABB FOX-515', 'Оборудование SDH и DWDM', 'G', 1),
(401, 79, 'Коммутатор ', 'Cisco 2960', 'Оборудование ПД', 'C', 2),
(402, 79, 'Маршрутизатор            ', 'Cisco 2821', 'Оборудование ПД', 'C', 2),
(403, 80, 'Мультиплексор', 'ABB FOX-515', 'Оборудование SDH и DWDM', 'G', 1),
(404, 80, 'Телекомм. шкаф', 'Шкаф Rittal TS8 ', 'Шкаф', 'A', 1),
(405, 80, 'Коммутатор ', 'Cisco C2950', 'Оборудование ПД', 'C', 2),
(406, 80, 'Маршрутизатор            ', 'Cisco 2821', 'Оборудование ПД', 'C', 2),
(407, 81, 'Мультиплексор          ', 'ABB FOX-515', 'Оборудование SDH и DWDM', 'G', 1),
(408, 81, 'Телекомм. шкаф', 'Шкаф Rittal TS8 ', 'Шкаф', 'A', 1),
(409, 81, 'ЭПУ', 'Eltek Flatpack2 ', 'ЭПУ/ИБП', 'B', 1),
(410, 81, 'ЭПУ', 'Eltek Minipack ', 'ЭПУ/ИБП', 'B', 1),
(411, 82, 'Телекомм. шкаф', 'ZPAS', 'Шкаф', 'A', 1),
(412, 82, 'Телекомм. шкаф', 'Шкаф Rittal TS8 ', 'Шкаф', 'A', 1),
(413, 82, 'ЭПУ', 'EFORE EPOS MINI', 'ЭПУ/ИБП', 'B', 1),
(414, 82, 'ЭПУ', 'EFORE EPOS MINI', 'ЭПУ/ИБП', 'B', 1),
(415, 82, 'Мультиплексор          ', 'ABB FOX-515', 'Оборудование SDH и DWDM', 'G', 1),
(416, 82, 'Мультиплексор', 'ABB FOX-515', 'Оборудование SDH и DWDM', 'G', 1),
(417, 83, 'Усилитель оптический', 'DWDM ПУСК', 'Оборудование SDH и DWDM', 'G', 2),
(418, 83, 'Мультиплексор', 'ABB FOX-515', 'Оборудование SDH и DWDM', 'G', 1),
(419, 83, 'Маршрутизатор            ', 'Cisco 2921', 'Оборудование ПД', 'C', 2),
(420, 83, 'Коммутатор ', 'Cisco 2960', 'Оборудование ПД', 'C', 2),
(421, 83, 'ЭПУ', 'Eaton APS3', 'ЭПУ/ИБП', 'B', 1),
(422, 83, 'Телекомм. шкаф', 'Шкаф Rittal TS8 ', 'Шкаф', 'A', 4),
(423, 84, 'Телекомм. шкаф', 'Шкаф Rittal TS8 ', 'Шкаф', 'A', 2),
(424, 84, 'Мультиплексор', 'Keymile UMUX-1500', 'Оборудование SDH и DWDM', 'G', 1),
(425, 84, 'Коммутатор ', 'Cisco 2960', 'Оборудование ПД', 'C', 2),
(426, 84, 'Маршрутизатор            ', 'Cisco 2821', 'Оборудование ПД', 'C', 2),
(427, 85, 'Коммутатор ', 'Cisco ME3400', 'Оборудование ПД', 'C', 2),
(428, 85, 'Маршрутизатор            ', 'Cisco 2821', 'Оборудование ПД', 'C', 2),
(429, 85, 'Мультиплексор ', 'ABB FOX-515', 'Оборудование SDH и DWDM', 'G', 2),
(430, 85, 'Мультиплексор ', 'NEC SpectralWave', 'Оборудование SDH и DWDM', 'G', 1),
(431, 85, 'Телекомм. шкаф', 'NEC', 'Шкаф', 'A', 1),
(432, 85, 'Телекомм. шкаф', 'Шкаф Rittal TS8 ', 'Шкаф', 'A', 1),
(433, 85, 'Телекомм. шкаф', 'Шкаф Rittal TS8 ', 'Шкаф', 'A', 3),
(434, 85, 'Усилитель оптический', 'КОНУС EAU-100-Т21', 'Оборудование SDH и DWDM', 'G', 2),
(435, 85, 'ЭПУ', 'Eltek Minipack ', 'ЭПУ/ИБП', 'B', 2),
(436, 86, 'Коммутатор ', 'Cisco ME3400', 'Оборудование ПД', 'C', 2),
(437, 86, 'Маршрутизатор            ', 'Cisco 2821', 'Оборудование ПД', 'C', 2),
(438, 86, 'Мультиплексор ', 'ABB FOX-515', 'Оборудование SDH и DWDM', 'G', 2),
(439, 86, 'Мультиплексор ', 'NEC SpectralWave', 'Оборудование SDH и DWDM', 'G', 1),
(440, 86, 'Телекомм. шкаф', 'NEC', 'Шкаф', 'A', 1),
(441, 86, 'Телекомм. шкаф', 'Шкаф Rittal TS8 ', 'Шкаф', 'A', 4),
(442, 86, 'Усилитель оптический', 'КОНУС EAU-100-Т21', 'Оборудование SDH и DWDM', 'G', 2),
(443, 86, 'ЭПУ', 'Eltek Minipack ', 'ЭПУ/ИБП', 'B', 1),
(444, 87, 'Мультиплексор          ', 'ABB FOX-515', 'Оборудование SDH и DWDM', 'G', 1),
(445, 87, 'Телекомм. шкаф', 'Шкаф Rittal TS8 ', 'Шкаф', 'A', 1),
(446, 87, 'ЭПУ', 'Eltek Flatpack2', 'ЭПУ/ИБП', 'B', 1),
(447, 87, 'ЭПУ', 'Eltek Minipack ', 'ЭПУ/ИБП', 'B', 1),
(448, 88, 'Мультиплексор ', 'ABB FOX-515', 'Оборудование SDH и DWDM', 'G', 1),
(449, 88, 'Коммутатор ', 'Cisco C2960', 'Оборудование ПД', 'C', 2),
(450, 88, 'Маршрутизатор            ', 'Cisco 2821', 'Оборудование ПД', 'C', 2),
(451, 88, 'Телекомм. шкаф', 'Шкаф Rittal TS8 ', 'Шкаф', 'A', 1),
(452, 88, 'ЭПУ', 'Elteco NTX Minirack ', 'ЭПУ/ИБП', 'B', 1),
(453, 89, 'Коммутатор ', 'Cisco C2960', 'Оборудование ПД', 'C', 2),
(454, 89, 'Маршрутизатор            ', 'Cisco 2821', 'Оборудование ПД', 'C', 2),
(455, 89, 'ЭПУ', 'EATON BPW-9130 ', 'ЭПУ/ИБП', 'B', 1),
(456, 89, 'Мультиплексор ', 'ABB FOX-515', 'Оборудование SDH и DWDM', 'G', 1),
(457, 89, 'Телекомм. шкаф', 'Шкаф Rittal TS8', 'Шкаф', 'A', 2),
(458, 89, 'ЭПУ', 'Elteco NTX Smartrack ', 'ЭПУ/ИБП', 'B', 1),
(459, 90, 'Мультиплексор ', 'ABB FOX-515', 'Оборудование SDH и DWDM', 'G', 1),
(460, 90, 'Телекомм. шкаф', 'Шкаф ', 'Шкаф', 'A', 1),
(461, 90, 'ЭПУ', 'Eltek Flatpack2', 'ЭПУ/ИБП', 'B', 1),
(462, 91, 'ЭПУ', 'EATON BPW-9130 ', 'ЭПУ/ИБП', 'B', 1),
(463, 91, 'Коммутатор ', 'Cisco C2960', 'Оборудование ПД', 'C', 2),
(464, 91, 'Маршрутизатор            ', 'Cisco 2821', 'Оборудование ПД', 'C', 2),
(465, 91, 'Мультиплексор', 'ABB FOX-512', 'Оборудование SDH и DWDM', 'G', 1),
(466, 91, 'Телекомм. шкаф', 'Шкаф TLK 19', 'Шкаф', 'A', 1),
(467, 92, 'Мультиплексор ', 'ABB FOX-515', 'Оборудование SDH и DWDM', 'G', 1),
(468, 92, 'Телекомм. шкаф', 'Шкаф Rittal TS8 ', 'Шкаф', 'A', 1),
(469, 92, 'ЭПУ', 'Eaton APS3', 'ЭПУ/ИБП', 'B', 1),
(470, 92, 'Телекомм. шкаф', 'Шкаф Rittal TS8 ', 'Шкаф', 'A', 1),
(471, 92, 'ЭПУ', 'EATON BPW-9130 ', 'ЭПУ/ИБП', 'B', 1),
(472, 93, 'Телекомм. шкаф', 'ZPAS', 'Шкаф', 'A', 1),
(473, 93, 'ЭПУ', 'EFORE EPOS MINI', 'ЭПУ/ИБП', 'B', 1),
(474, 93, 'Мультиплексор          ', 'ABB FOX-515', 'Оборудование SDH и DWDM', 'G', 1),
(475, 94, 'Коммутатор', 'Cisco ME2400', 'Оборудование ПД', 'C', 2),
(476, 94, 'Маршрутизатор', 'Cisco 2821', 'Оборудование ПД', 'C', 2),
(477, 94, 'Мультиплексор', 'ABB FOX-515', 'Оборудование SDH и DWDM', 'G', 1),
(478, 94, 'Мультиплексор', 'NEC SpectralWave', 'Оборудование SDH и DWDM', 'G', 1),
(479, 94, 'Телекомм. шкаф', 'Шкаф Rittal TS8 ', 'Шкаф', 'A', 2),
(480, 94, 'ЭПУ', 'Eltek Minipack ', 'ЭПУ/ИБП', 'B', 1),
(481, 95, 'Мультиплексор', 'ABB FOX-515', 'Оборудование SDH и DWDM', 'G', 2),
(482, 95, 'DWDM мультиплексор', 'ПУСК', 'Оборудование SDH и DWDM', 'G', 2),
(483, 95, 'Телекомм. шкаф', 'Шкаф Rittal TS8 ', 'Шкаф', 'A', 4),
(484, 95, 'Маршрутизатор            ', 'Cisco 2921', 'Оборудование ПД', 'C', 2),
(485, 95, 'Коммутатор ', 'Cisco ME3400', 'Оборудование ПД', 'C', 2),
(486, 95, 'ЭПУ', 'Eltek Flatpack2', 'ЭПУ/ИБП', 'B', 1),
(487, 96, 'DWDM мультиплексор', 'Transmode TM-3000', 'Оборудование SDH и DWDM', 'G', 1),
(488, 96, 'Мультиплексор ', 'NEC SpectralWave', 'Оборудование SDH и DWDM', 'G', 1),
(489, 96, 'Мультиплексор          ', 'ABB FOX-515', 'Оборудование SDH и DWDM', 'G', 1),
(490, 96, 'Телекомм. шкаф', 'Шкаф ', 'Шкаф', 'A', 4),
(491, 96, 'ЭПУ', 'Eltek Flatpack2', 'ЭПУ/ИБП', 'B', 1),
(492, 96, 'Оборудование ТСС', 'Symmetricom SSU-2000E', 'Оборудование SYN', 'SYN', 1),
(493, 96, 'Коммутатор ', 'Cisco ME3400', 'Оборудование ПД', 'C', 2),
(494, 97, 'Мультиплексор', 'ABB FOX-515', 'Оборудование SDH и DWDM', 'G', 1),
(495, 97, 'Мультиплексор', 'NEC SpectralWave', 'Оборудование SDH и DWDM', 'G', 1),
(496, 97, 'Телекомм. шкаф', 'Шкаф Rittal TS8 ', 'Шкаф', 'A', 1),
(497, 97, 'Телекомм. шкаф', 'Шкаф NEC', 'Шкаф', 'A', 1),
(498, 97, 'ЭПУ', 'Eltek Flatpack2 ', 'ЭПУ/ИБП', 'B', 1),
(499, 98, 'Коммутатор', 'Cisco ME2400', 'Оборудование ПД', 'C', 2),
(500, 98, 'Маршрутизатор', 'Cisco 2821', 'Оборудование ПД', 'C', 2),
(501, 98, 'Мультиплексор', 'ABB FOX-515', 'Оборудование SDH и DWDM', 'G', 1),
(502, 98, 'Мультиплексор', 'NEC SpectralWave', 'Оборудование SDH и DWDM', 'G', 1),
(503, 98, 'Телекомм. шкаф', 'Шкаф Rittal TS8 ', 'Шкаф', 'A', 2),
(504, 98, 'ЭПУ', 'Eltek Minipack ', 'ЭПУ/ИБП', 'B', 1),
(505, 99, 'Мультиплексор ', 'NEC SpectralWave', 'Оборудование SDH и DWDM', 'G', 1),
(506, 99, 'Мультиплексор ', 'ABB FOX-515', 'Оборудование SDH и DWDM', 'G', 1),
(507, 99, 'Телекомм. шкаф', 'Шкаф Rittal TS8 ', 'Шкаф', 'A', 2),
(508, 99, 'ЭПУ', 'Elteco NTX Minirack ', 'ЭПУ/ИБП', 'B', 2),
(509, 99, 'Коммутатор ', 'Cisco C2960', 'Оборудование ПД', 'C', 2),
(510, 99, 'Маршрутизатор            ', 'Cisco 2821', 'Оборудование ПД', 'C', 2),
(511, 99, 'Усилитель оптический', 'КОНУС EAU-100-Т21', 'Оборудование SDH и DWDM', 'G', 2),
(512, 100, 'Мультиплексор ', 'ABB FOX-515', 'Оборудование SDH и DWDM', 'G', 2),
(513, 100, 'Телекомм. шкаф', 'Шкаф Rittal TS8', 'Шкаф', 'A', 2),
(514, 100, 'Телекомм. шкаф', 'Шкаф TLK 19', 'Шкаф', 'A', 1),
(515, 100, 'Маршрутизатор            ', 'Cisco 2821', 'Оборудование ПД', 'C', 2),
(516, 100, 'Коммутатор ', 'Cisco C2960', 'Оборудование ПД', 'C', 2),
(517, 100, 'ЭПУ', 'Elteco NTX Smartrack ', 'ЭПУ/ИБП', 'B', 1),
(518, 101, 'Коммутатор', 'Cisco ME2400', 'Оборудование ПД', 'C', 2),
(519, 101, 'Маршрутизатор', 'Cisco 2821', 'Оборудование ПД', 'C', 2),
(520, 101, 'Мультиплексор', 'ABB FOX-515', 'Оборудование SDH и DWDM', 'G', 1),
(521, 101, 'Мультиплексор', 'NEC SpectralWave', 'Оборудование SDH и DWDM', 'G', 1),
(522, 101, 'Телекомм. шкаф', 'Шкаф Rittal TS8 ', 'Шкаф', 'A', 2),
(523, 101, 'ЭПУ', 'Eltek Minipack ', 'ЭПУ/ИБП', 'B', 1),
(524, 102, 'Коммутатор ', 'Cisco ME2400', 'Оборудование ПД', 'C', 2),
(525, 102, 'Маршрутизатор            ', 'Cisco 2821', 'Оборудование ПД', 'C', 2),
(526, 102, 'Мультиплексор ', 'ABB FOX-515', 'Оборудование SDH и DWDM', 'G', 1),
(527, 102, 'Телекомм. шкаф', 'Шкаф Rittal TS8 ', 'Шкаф', 'A', 1),
(888, 102, 'ЭПУ', 'Eltek Minipack ', 'ЭПУ/ИБП', 'B', 1),
(529, 103, 'Коммутатор', 'Cisco ME2400', 'Оборудование ПД', 'C', 2),
(530, 103, 'Маршрутизатор', 'Cisco 2821', 'Оборудование ПД', 'C', 2),
(531, 103, 'Мультиплексор', 'ABB FOX-515', 'Оборудование SDH и DWDM', 'G', 1),
(532, 103, 'Мультиплексор', 'NEC SpectralWave', 'Оборудование SDH и DWDM', 'G', 1),
(533, 103, 'Телекомм. шкаф', 'Шкаф Rittal TS8 ', 'Шкаф', 'A', 2),
(534, 103, 'ЭПУ', 'Eltek Minipack ', 'ЭПУ/ИБП', 'B', 1),
(535, 104, 'Мультиплексор ', 'NEC SpectralWave', 'Оборудование SDH и DWDM', 'G', 1),
(536, 104, 'Мультиплексор          ', 'ABB FOX-515', 'Оборудование SDH и DWDM', 'G', 1),
(537, 104, 'Коммутатор ', 'Cisco ME3400', 'Оборудование ПД', 'C', 2),
(538, 104, 'DWDM мультиплексор', 'Transmode TM-3000', 'Оборудование SDH и DWDM', 'G', 1),
(539, 104, 'Телекомм. шкаф', 'Шкаф ', 'Шкаф', 'A', 3),
(540, 104, 'ЭПУ', 'Eltek Flatpack2', 'ЭПУ/ИБП', 'B', 1),
(541, 104, 'Коммутатор ', 'Cisco С2960', 'Оборудование ПД', 'C', 2),
(542, 104, 'Маршрутизатор            ', 'Cisco 2821', 'Оборудование ПД', 'C', 2),
(543, 105, 'Коммутатор', 'Cisco ME2400', 'Оборудование ПД', 'C', 2),
(544, 105, 'Маршрутизатор', 'Cisco 2821', 'Оборудование ПД', 'C', 2),
(545, 105, 'Мультиплексор', 'ABB FOX-515', 'Оборудование SDH и DWDM', 'G', 1),
(546, 105, 'Мультиплексор', 'ABB FOX-515', 'Оборудование SDH и DWDM', 'G', 1),
(547, 105, 'Телекомм. шкаф', 'Шкаф Rittal TS8 ', 'Шкаф', 'A', 2),
(548, 105, 'ЭПУ', 'Eltek Flatpack2', 'ЭПУ/ИБП', 'B', 1),
(549, 105, 'ЭПУ', 'Elteco BZX', 'ЭПУ/ИБП', 'B', 1),
(550, 105, 'Мультиплексор ', 'NEC SpectralWave', 'Оборудование SDH и DWDM', 'G', 1),
(551, 105, 'Телекомм. шкаф', 'Шкаф NEC', 'Шкаф', 'A', 1),
(552, 106, 'Мультиплексор ', 'ABB FOX-515', 'Оборудование SDH и DWDM', 'G', 1),
(553, 106, 'Телекомм. шкаф', 'Шкаф ', 'Шкаф', 'A', 1),
(554, 106, 'ЭПУ', 'Eltek FlatPack2', 'ЭПУ/ИБП', 'B', 1),
(555, 107, 'Телекомм. шкаф', 'Шкаф Rittal TS8 ', 'Шкаф', 'A', 2),
(556, 107, 'Мультиплексор', 'Keymile UMUX-1500', 'Оборудование SDH и DWDM', 'G', 1),
(557, 107, 'Мультиплексор', 'ABB FOX-515', 'Оборудование SDH и DWDM', 'G', 1),
(558, 107, 'Коммутатор ', 'Cisco 2960', 'Оборудование ПД', 'C', 2),
(559, 107, 'Маршрутизатор            ', 'Cisco 2821', 'Оборудование ПД', 'C', 2),
(560, 108, 'Телекомм. шкаф', 'Шкаф Rittal TS8 ', 'Шкаф', 'A', 2),
(561, 108, 'Мультиплексор', 'Keymile UMUX-1500', 'Оборудование SDH и DWDM', 'G', 1),
(562, 108, 'Коммутатор ', 'Cisco 2960', 'Оборудование ПД', 'C', 2),
(563, 108, 'Маршрутизатор            ', 'Cisco 2821', 'Оборудование ПД', 'C', 2),
(564, 109, 'Коммутатор ', 'Cisco C2960', 'Оборудование ПД', 'C', 2),
(565, 109, 'Маршрутизатор            ', 'Cisco 2821', 'Оборудование ПД', 'C', 2),
(566, 109, 'Телекомм. шкаф', 'Шкаф TLK 19', 'Шкаф', 'A', 1),
(567, 109, 'ЭПУ', 'EATON BPW-9130 ', 'ЭПУ/ИБП', 'B', 1),
(568, 109, 'Мультиплексор ', 'ABB FOX-515', 'Оборудование SDH и DWDM', 'G', 1),
(569, 109, 'Мультиплексор ', 'NEC SpectralWave', 'Оборудование SDH и DWDM', 'G', 1),
(570, 109, 'Телекомм. шкаф', 'Шкаф Rittal TS8 ', 'Шкаф', 'A', 2),
(571, 109, 'ЭПУ', 'EATON APS3', 'ЭПУ/ИБП', 'B', 1),
(572, 110, 'Телекомм. шкаф', 'ZPAS', 'Шкаф', 'A', 1),
(573, 110, 'ЭПУ', 'EFORE EPOS MINI', 'ЭПУ/ИБП', 'B', 1),
(574, 110, 'Мультиплексор          ', 'ABB FOX-515', 'Оборудование SDH и DWDM', 'G', 1),
(575, 111, 'Телекомм. шкаф', 'ZPAS', 'Шкаф', 'A', 1),
(576, 111, 'ЭПУ', 'EFORE EPOS MINI', 'ЭПУ/ИБП', 'B', 1),
(577, 111, 'Мультиплексор          ', 'ABB FOX-515', 'Оборудование SDH и DWDM', 'G', 1),
(578, 112, 'DWDM мультиплексор', 'Transmode TM-3000', 'Оборудование SDH и DWDM', 'G', 1),
(579, 112, 'Мультиплексор ', 'NEC SpectralWave', 'Оборудование SDH и DWDM', 'G', 1),
(580, 112, 'Мультиплексор          ', 'ABB FOX-515', 'Оборудование SDH и DWDM', 'G', 1),
(581, 112, 'Телекомм. шкаф', 'Шкаф ', 'Шкаф', 'A', 3),
(582, 112, 'ЭПУ', 'Eltek Flatpack2', 'ЭПУ/ИБП', 'B', 1),
(583, 112, 'Коммутатор ', 'Cisco ME3400', 'Оборудование ПД', 'C', 2),
(584, 113, 'Коммутатор', 'Cisco ME2400', 'Оборудование ПД', 'C', 2),
(585, 113, 'Маршрутизатор', 'Cisco 2821', 'Оборудование ПД', 'C', 2),
(586, 113, 'Мультиплексор', 'NEC SpectralWave', 'Оборудование SDH и DWDM', 'G', 1),
(587, 113, 'Мультиплексор', 'NEC SpectralWave', 'Оборудование SDH и DWDM', 'G', 1),
(588, 113, 'Мультиплексор ', 'ABB FOX-515', 'Оборудование SDH и DWDM', 'G', 2),
(589, 113, 'Мультиплексор ', 'ABB FOX-515', 'Оборудование SDH и DWDM', 'G', 1),
(590, 113, 'Усилитель оптический', 'КОНУС EAU-100-Т21', 'Оборудование SDH и DWDM', 'G', 1),
(591, 113, 'Телекомм. шкаф', 'Шкаф Rittal TS8 ', 'Шкаф', 'A', 3),
(592, 113, 'Телекомм. шкаф', 'Шкаф NEC', 'Шкаф', 'A', 1),
(593, 113, 'ЭПУ', 'Eltek Minipack', 'ЭПУ/ИБП', 'B', 2),
(594, 113, 'ЭПУ', 'Eltek Flatpack2', 'ЭПУ/ИБП', 'B', 1),
(595, 114, 'Мультиплексор', 'ABB FOX-515', 'Оборудование SDH и DWDM', 'G', 1),
(596, 114, 'Мультиплексор', 'NEC SpectralWave', 'Оборудование SDH и DWDM', 'G', 1),
(597, 114, 'Телекомм. шкаф', 'Шкаф NEC', 'Шкаф', 'A', 1),
(598, 114, 'Телекомм. шкаф', 'Шкаф Rittal TS8 ', 'Шкаф', 'A', 1),
(599, 114, 'ЭПУ', 'Eltek Flatpack2', 'ЭПУ/ИБП', 'B', 1),
(600, 115, 'Коммутатор', 'Cisco ME2400', 'Оборудование ПД', 'C', 2),
(601, 115, 'Маршрутизатор', 'Cisco 2821', 'Оборудование ПД', 'C', 2),
(602, 115, 'Мультиплексор', 'ABB FOX-515', 'Оборудование SDH и DWDM', 'G', 1),
(603, 115, 'Мультиплексор', 'NEC SpectralWave', 'Оборудование SDH и DWDM', 'G', 1),
(604, 115, 'Телекомм. шкаф', 'Шкаф Rittal TS8 ', 'Шкаф', 'A', 2),
(605, 115, 'ЭПУ', 'Eltek Minipack ', 'ЭПУ/ИБП', 'B', 1),
(606, 116, 'Коммутатор ', 'Cisco C2960', 'Оборудование ПД', 'C', 2),
(607, 116, 'Маршрутизатор            ', 'Cisco 2821', 'Оборудование ПД', 'C', 2),
(608, 116, 'Телекомм. шкаф', 'Шкаф Rittal TS8 ', 'Шкаф', 'A', 2),
(609, 116, 'ЭПУ', 'EATON BPW-9130 ', 'ЭПУ/ИБП', 'B', 1),
(610, 116, 'Мультиплексор ', 'ABB FOX-515', 'Оборудование SDH и DWDM', 'G', 1),
(611, 116, 'ЭПУ', 'EATON APS3', 'ЭПУ/ИБП', 'B', 1),
(612, 117, 'Маршрутизатор            ', 'Cisco 2821', 'Оборудование ПД', 'C', 2),
(613, 117, 'Коммутатор ', 'Cisco ME2400', 'Оборудование ПД', 'C', 2),
(614, 117, 'Мультиплексор ', 'ABB FOX-515', 'Оборудование SDH и DWDM', 'G', 1),
(615, 117, 'Телекомм. шкаф', 'Шкаф Rittal TS8 ', 'Шкаф', 'A', 1),
(616, 117, 'ЭПУ', 'Eltek Minipack', 'ЭПУ/ИБП', 'B', 1),
(617, 118, 'ЭПУ', 'EATON BPW-9130 ', 'ЭПУ/ИБП', 'B', 1),
(618, 118, 'Коммутатор ', 'Cisco C2960', 'Оборудование ПД', 'C', 2),
(619, 118, 'Маршрутизатор            ', 'Cisco 2821', 'Оборудование ПД', 'C', 2),
(620, 118, 'Мультиплексор ', 'ABB FOX-515', 'Оборудование SDH и DWDM', 'G', 1),
(621, 118, 'Телекомм. шкаф', 'Шкаф TLK 19', 'Шкаф', 'A', 1),
(622, 118, 'Телекомм. шкаф', 'Шкаф Rittal TS8', 'Шкаф', 'A', 2),
(623, 118, 'ЭПУ', 'Elteco NTX Smartrack ', 'ЭПУ/ИБП', 'B', 1),
(624, 119, 'DWDM мультиплексор', 'Transmode TM-3000', 'Оборудование SDH и DWDM', 'G', 1),
(625, 119, 'Мультиплексор ', 'NEC SpectralWave', 'Оборудование SDH и DWDM', 'G', 1),
(626, 119, 'ЭПУ', 'Eltek Flatpack2', 'ЭПУ/ИБП', 'B', 1),
(627, 119, 'Телекомм. шкаф', 'Шкаф ', 'Шкаф', 'A', 2),
(628, 120, 'Мультиплексор ', 'ABB FOX-515', 'Оборудование SDH и DWDM', 'G', 1),
(629, 120, 'Телекомм. шкаф', 'Шкаф Rittal TS8 ', 'Шкаф', 'A', 1),
(630, 120, 'ЭПУ', 'Eltek Minipack', 'ЭПУ/ИБП', 'B', 1),
(631, 121, 'Коммутатор', 'Cisco ME3400', 'Оборудование ПД', 'C', 1),
(632, 121, 'Коммутатор', 'Cisco C2950', 'Оборудование ПД', 'C', 1),
(633, 121, 'Маршрутизатор', 'Cisco 2821', 'Оборудование ПД', 'C', 1),
(634, 121, 'Маршрутизатор', 'Cisco 2821', 'Оборудование ПД', 'C', 1),
(635, 121, 'Мультиплексор', 'ABB FOX-515', 'Оборудование SDH и DWDM', 'G', 3),
(636, 121, 'Мультиплексор', 'NEC SpectralWave', 'Оборудование SDH и DWDM', 'G', 2),
(637, 121, 'Оборудование ТСС', 'Symmetricom SSU-2000E', 'Оборудование SYN', 'SYN', 1),
(638, 121, 'Телекомм. шкаф', 'Шкаф NEC', 'Шкаф', 'A', 2),
(639, 121, 'Телекомм. шкаф', 'Шкаф Rittal TS8 ', 'Шкаф', 'A', 4),
(640, 121, 'ЭПУ', 'Eltek Minipack ', 'ЭПУ/ИБП', 'B', 1),
(641, 122, 'Мультиплексор', 'ABB FOX-515', 'Оборудование SDH и DWDM', 'G', 2),
(642, 122, 'Мультиплексор', 'NEC SpectralWave', 'Оборудование SDH и DWDM', 'G', 1),
(643, 122, 'Коммутатор', 'Cisco C2950', 'Оборудование ПД', 'C', 2),
(644, 122, 'Маршрутизатор', 'Cisco 2821', 'Оборудование ПД', 'C', 2),
(645, 122, 'Телекомм. шкаф', 'Шкаф NEC', 'Шкаф', 'A', 1),
(646, 122, 'Телекомм. шкаф', 'Шкаф Rittal TS8 ', 'Шкаф', 'A', 2),
(647, 123, 'Коммутатор', 'Cisco ME2400', 'Оборудование ПД', 'C', 2),
(648, 123, 'Маршрутизатор', 'Cisco 2821', 'Оборудование ПД', 'C', 2),
(649, 123, 'Мультиплексор', 'ABB FOX-515', 'Оборудование SDH и DWDM', 'G', 2),
(650, 123, 'Мультиплексор', 'ABB FOX-515', 'Оборудование SDH и DWDM', 'G', 2),
(651, 123, 'Мультиплексор', 'NEC SpectralWave', 'Оборудование SDH и DWDM', 'G', 1),
(652, 123, 'Оборудование ТСС', 'Symmetricom SSU-2000E', 'Оборудование SYN', 'SYN', 1),
(653, 123, 'Телекомм. шкаф', 'Шкаф Rittal TS8 ', 'Шкаф', 'A', 4),
(654, 123, 'Телекомм. шкаф', 'Шкаф NEC', 'Шкаф', 'A', 1),
(655, 123, 'ЭПУ', 'Eltek Flatpack2', 'ЭПУ/ИБП', 'B', 2),
(656, 123, 'ЭПУ', 'Eltek Minipack', 'ЭПУ/ИБП', 'B', 1),
(657, 124, 'Коммутатор', 'Cisco ME2400', 'Оборудование ПД', 'C', 2),
(658, 124, 'Маршрутизатор', 'Cisco 2821', 'Оборудование ПД', 'C', 2),
(659, 124, 'Мультиплексор', 'ABB FOX-515', 'Оборудование SDH и DWDM', 'G', 2),
(660, 124, 'Мультиплексор', 'NEC SpectralWave', 'Оборудование SDH и DWDM', 'G', 1),
(661, 124, 'Телекомм. шкаф', 'Шкаф Rittal TS8 ', 'Шкаф', 'A', 3),
(662, 124, 'ЭПУ', 'Eltek Minipack ', 'ЭПУ/ИБП', 'B', 1),
(663, 125, 'Мультиплексор ', 'NEC SpectralWave', 'Оборудование SDH и DWDM', 'G', 1),
(664, 125, 'Мультиплексор ', 'ABB FOX-515', 'Оборудование SDH и DWDM', 'G', 3),
(665, 125, 'Мультиплексор ', 'ABB FOX-515', 'Оборудование SDH и DWDM', 'G', 2),
(666, 125, 'ЭПУ', 'Elteco BZX', 'ЭПУ/ИБП', 'B', 1),
(667, 125, 'ЭПУ', 'Elteco BZX', 'ЭПУ/ИБП', 'B', 2),
(668, 125, 'ЭПУ', 'Elteco BZX', 'ЭПУ/ИБП', 'B', 1),
(669, 125, 'Телекомм. шкаф', 'Шкаф Rittal TS8', 'Шкаф', 'A', 3),
(670, 125, 'Телекомм. шкаф', 'Шкаф NEC', 'Шкаф', 'A', 1),
(671, 125, 'Коммутатор ', 'Cisco ME3400', 'Оборудование ПД', 'C', 2),
(672, 125, 'Маршрутизатор            ', 'Cisco 2921', 'Оборудование ПД', 'C', 1),
(673, 125, 'Маршрутизатор            ', 'Cisco 2921', 'Оборудование ПД', 'C', 1),
(674, 126, 'Коммутатор', 'Cisco ME3400', 'Оборудование ПД', 'C', 2),
(675, 126, 'Маршрутизатор', 'Cisco 2921', 'Оборудование ПД', 'C', 2),
(676, 126, 'Телекомм. шкаф', 'NEC', 'Шкаф', 'A', 1),
(677, 126, 'Телекомм. шкаф', 'Шкаф Rittal TS8 ', 'Шкаф', 'A', 5),
(678, 126, 'ЭПУ', 'Не указано (питание FOX РЗА)', 'ЭПУ/ИБП', 'B', 2),
(679, 126, 'ЭПУ', 'EATON APS3', 'ЭПУ/ИБП', 'B', 1),
(680, 126, 'Усилитель оптический', 'КОНУС EAU-100-Т21', 'Оборудование SDH и DWDM', 'G', 1),
(681, 126, 'Мультиплексор          ', 'ABB FOX-515', 'Оборудование SDH и DWDM', 'G', 4),
(682, 126, 'Мультиплексор          ', 'NEC SpectralWave', 'Оборудование SDH и DWDM', 'G', 1),
(683, 127, 'Коммутатор', 'Cisco ME2400', 'Оборудование ПД', 'C', 2),
(684, 127, 'Маршрутизатор', 'Cisco 2821', 'Оборудование ПД', 'C', 2),
(685, 127, 'Мультиплексор', 'ABB FOX-515', 'Оборудование SDH и DWDM', 'G', 3),
(686, 127, 'Мультиплексор', 'NEC SpectralWave', 'Оборудование SDH и DWDM', 'G', 1),
(687, 127, 'Мультиплексор', 'NEC SpectralWave', 'Оборудование SDH и DWDM', 'G', 1),
(688, 127, 'Телекомм. шкаф', 'Шкаф NEC', 'Шкаф', 'A', 1),
(689, 127, 'Телекомм. шкаф', 'Шкаф NEC', 'Шкаф', 'A', 1),
(690, 127, 'Телекомм. шкаф', 'Шкаф Rittal TS8 ', 'Шкаф', 'A', 4),
(691, 127, 'ЭПУ', 'Eltek Flatpack2', 'ЭПУ/ИБП', 'B', 2),
(692, 128, 'Мультиплексор ', 'ABB FOX-515', 'Оборудование SDH и DWDM', 'G', 1),
(693, 128, 'ЭПУ', 'Eltek Flatpack2', 'ЭПУ/ИБП', 'B', 1),
(694, 128, 'Телекомм. шкаф', 'Шкаф Rittal TS8', 'Шкаф', 'A', 2),
(695, 128, 'Коммутатор ', 'Cisco C2960', 'Оборудование ПД', 'C', 2),
(696, 128, 'Маршрутизатор            ', 'Cisco 2821', 'Оборудование ПД', 'C', 2),
(697, 129, 'DWDM мультиплексор', 'Transmode TM-3000', 'Оборудование SDH и DWDM', 'G', 1),
(698, 129, 'Телекомм. шкаф', 'Шкаф ', 'Шкаф', 'A', 2),
(699, 129, 'ЭПУ', 'Eltek Flatpack2', 'ЭПУ/ИБП', 'B', 1),
(700, 129, 'Коммутатор ', 'Cisco ME3400', 'Оборудование ПД', 'C', 2),
(701, 130, 'Коммутатор', 'Cisco ME2400', 'Оборудование ПД', 'C', 2),
(702, 130, 'Маршрутизатор', 'Cisco 2821', 'Оборудование ПД', 'C', 2),
(703, 130, 'Мультиплексор', 'ABB FOX-515', 'Оборудование SDH и DWDM', 'G', 3),
(704, 130, 'Мультиплексор', 'NEC SpectralWave', 'Оборудование SDH и DWDM', 'G', 1),
(705, 130, 'Оборудование ТСС', 'Symmetricom SSU-2000E', 'Оборудование SYN', 'SYN', 1),
(706, 130, 'Телекомм. шкаф', 'Шкаф Rittal TS8 ', 'Шкаф', 'A', 5),
(707, 130, 'ЭПУ', 'Eltek Minipack ', 'ЭПУ/ИБП', 'B', 1),
(708, 130, 'Сервер NMS/EMS', 'СУ Symmetricom TimePictra', 'Сервер ', 'SRV', 1),
(709, 130, 'DWDM мультиплексор', 'Transmode TM-3000', 'Оборудование SDH и DWDM', 'G', 1),
(710, 130, 'Телекомм. шкаф', 'Шкаф ', 'Шкаф', 'A', 2),
(711, 130, 'ЭПУ', 'Eltek Flatpack2', 'ЭПУ/ИБП', 'B', 1),
(712, 131, 'Коммутатор', 'Cisco ME3400', 'Оборудование ПД', 'C', 2),
(713, 131, 'Маршрутизатор', 'Cisco 2821', 'Оборудование ПД', 'C', 2),
(714, 131, 'Мультиплексор', 'ABB FOX-515', 'Оборудование SDH и DWDM', 'G', 1),
(715, 131, 'Мультиплексор', 'NEC SpectralWave ', 'Оборудование SDH и DWDM', 'G', 1),
(716, 131, 'Телекомм. шкаф', 'Шкаф Rittal TS8 ', 'Шкаф', 'A', 2),
(717, 131, 'ЭПУ', 'Eltek Minipack ', 'ЭПУ/ИБП', 'B', 1),
(718, 132, 'Коммутатор', 'Cisco ME2400', 'Оборудование ПД', 'C', 2),
(719, 132, 'Маршрутизатор', 'Cisco 2821', 'Оборудование ПД', 'C', 2),
(720, 132, 'Мультиплексор', 'ABB FOX-515', 'Оборудование SDH и DWDM', 'G', 1),
(721, 132, 'Мультиплексор', 'NEC SpectralWave ', 'Оборудование SDH и DWDM', 'G', 1),
(722, 132, 'Телекомм. шкаф', 'Шкаф Rittal TS8 ', 'Шкаф', 'A', 2),
(723, 132, 'ЭПУ', 'УЭПС-2', 'ЭПУ/ИБП', 'B', 1),
(724, 132, 'Коммутатор  ', 'Cisco C2960', 'Оборудование ПД', 'C', 2),
(725, 132, 'Телекомм. шкаф', 'Шкаф TLK 19', 'Шкаф', 'A', 1),
(726, 133, 'Коммутатор', 'Cisco ME2400', 'Оборудование ПД', 'C', 2),
(727, 133, 'Маршрутизатор', 'Cisco 2821', 'Оборудование ПД', 'C', 2),
(728, 133, 'Мультиплексор', 'ABB FOX-515', 'Оборудование SDH и DWDM', 'G', 1),
(729, 133, 'Мультиплексор', 'NEC SpectralWave', 'Оборудование SDH и DWDM', 'G', 1),
(730, 133, 'Телекомм. шкаф', 'Шкаф Rittal TS8 ', 'Шкаф', 'A', 2),
(731, 133, 'ЭПУ', 'Eltek Minipack ', 'ЭПУ/ИБП', 'B', 1),
(732, 133, 'Оборудование ТСС', 'Symmetricom SSU-2000E', 'Оборудование SYN', 'SYN', 1),
(733, 134, 'Мультиплексор', 'ABB FOX-515', 'Оборудование SDH и DWDM', 'G', 2),
(734, 134, 'Мультиплексор', 'NEC SpectralWave', 'Оборудование SDH и DWDM', 'G', 1),
(735, 134, 'Коммутатор ', 'Cisco C2960', 'Оборудование ПД', 'C', 2),
(736, 134, 'Маршрутизатор            ', 'Cisco 2801', 'Оборудование ПД', 'C', 2),
(737, 134, 'Телекомм. шкаф', 'Шкаф NEC', 'Шкаф', 'A', 1),
(738, 134, 'Телекомм. шкаф', 'Шкаф Rittal TS8 ', 'Шкаф', 'A', 2);
INSERT INTO `equipment` (`id`, `object_id`, `type`, `name`, `short_name`, `category`, `quantity`) VALUES
(739, 135, 'Коммутатор ', 'Cisco C2960', 'Оборудование ПД', 'C', 2),
(740, 135, 'Маршрутизатор            ', 'Cisco 2821', 'Оборудование ПД', 'C', 2),
(741, 135, 'Телекомм. шкаф', 'Шкаф Rittal TS8 ', 'Шкаф', 'A', 1),
(742, 135, 'ЭПУ', 'EATON BPW-9130 ', 'ЭПУ/ИБП', 'B', 1),
(743, 135, 'Мультиплексор ', 'ABB FOX-515', 'Оборудование SDH и DWDM', 'G', 1),
(744, 135, 'Мультиплексор ', 'ABB FOX-515', 'Оборудование SDH и DWDM', 'G', 1),
(745, 135, 'Телекомм. шкаф', 'Шкаф Rittal TS8', 'Шкаф', 'A', 2),
(746, 135, 'Телекомм. шкаф', 'Шкаф TLK 19', 'Шкаф', 'A', 1),
(747, 135, 'ЭПУ', 'Elteco NTX Smartrack ', 'ЭПУ/ИБП', 'B', 1),
(748, 136, 'Мультиплексор ', 'NEC SpectralWave', 'Оборудование SDH и DWDM', 'G', 1),
(749, 136, 'Мультиплексор          ', 'ABB FOX-515', 'Оборудование SDH и DWDM', 'G', 1),
(750, 136, 'Коммутатор ', 'Cisco ME3400', 'Оборудование ПД', 'C', 2),
(751, 136, 'DWDM мультиплексор', 'Transmode TM-3000', 'Оборудование SDH и DWDM', 'G', 1),
(752, 136, 'Телекомм. шкаф', 'Шкаф Rittal TS8', 'Шкаф', 'A', 3),
(753, 136, 'ЭПУ', 'Eltek Flatpack2', 'ЭПУ/ИБП', 'B', 1),
(754, 137, 'Коммутатор', 'Cisco ME2400', 'Оборудование ПД', 'C', 2),
(755, 137, 'Маршрутизатор', 'Cisco 2821', 'Оборудование ПД', 'C', 2),
(756, 137, 'Мультиплексор', 'ABB FOX-515', 'Оборудование SDH и DWDM', 'G', 3),
(757, 137, 'Мультиплексор', 'NEC SpectralWave', 'Оборудование SDH и DWDM', 'G', 1),
(758, 137, 'Телекомм. шкаф', 'Шкаф Rittal TS8 ', 'Шкаф', 'A', 3),
(759, 137, 'Телекомм. шкаф', 'Шкаф NEC', 'Шкаф', 'A', 1),
(760, 137, 'ЭПУ', 'Eltek Flatpack2', 'ЭПУ/ИБП', 'B', 1),
(761, 138, 'Коммутатор', 'Cisco ME2400', 'Оборудование ПД', 'C', 2),
(762, 138, 'Маршрутизатор', 'Cisco 2821', 'Оборудование ПД', 'C', 2),
(763, 138, 'Мультиплексор', 'ABB FOX-515', 'Оборудование SDH и DWDM', 'G', 1),
(764, 138, 'Мультиплексор', 'NEC SpectralWave', 'Оборудование SDH и DWDM', 'G', 1),
(765, 138, 'Телекомм. шкаф', 'Шкаф NEC', 'Шкаф', 'A', 1),
(766, 138, 'Телекомм. шкаф', 'Шкаф Rittal TS8 ', 'Шкаф', 'A', 1),
(767, 138, 'ЭПУ', 'УЭПС-2', 'ЭПУ/ИБП', 'B', 1),
(768, 138, 'Телекомм. шкаф', 'ZPAS', 'Шкаф', 'A', 1),
(769, 138, 'Мультиплексор', 'ABB FOX-512', 'Оборудование SDH и DWDM', 'G', 1),
(770, 138, 'ЭПУ', 'EFORE EPOS MINI', 'ЭПУ/ИБП', 'B', 1),
(771, 139, 'Мультиплексор ', 'NEC SpectralWave', 'Оборудование SDH и DWDM', 'G', 1),
(772, 139, 'Мультиплексор          ', 'ABB FOX-615', 'Оборудование SDH и DWDM', 'G', 2),
(773, 139, 'Мультиплексор          ', 'ABB FOX-612', 'Оборудование SDH и DWDM', 'G', 1),
(774, 139, 'Маршрутизатор            ', 'Huawei AR2240', 'Оборудование ПД', 'C', 2),
(775, 139, 'Коммутатор ', 'Huawei S5720', 'Оборудование ПД', 'C', 2),
(776, 139, 'DWDM мультиплексор', 'Transmode TM-3000', 'Оборудование SDH и DWDM', 'G', 2),
(777, 139, 'Телекомм. шкаф', 'Шкаф Rittal TS8', 'Шкаф', 'A', 5),
(778, 139, 'ЭПУ', 'EATON APS6', 'ЭПУ/ИБП', 'B', 1),
(779, 140, 'Коммутатор', 'Cisco ME3400', 'Оборудование ПД', 'C', 2),
(780, 140, 'Маршрутизатор', 'Cisco 2821', 'Оборудование ПД', 'C', 2),
(781, 140, 'Мультиплексор ', 'ABB FOX-515', 'Оборудование SDH и DWDM', 'G', 1),
(782, 140, 'Мультиплексор ', 'Alcatel 1660', 'Оборудование SDH и DWDM', 'G', 1),
(783, 140, 'Телекомм. шкаф', 'Шкаф ', 'Шкаф', 'A', 2),
(784, 141, 'Коммутатор', 'Cisco ME2400', 'Оборудование ПД', 'C', 2),
(785, 141, 'Маршрутизатор', 'Cisco 2821', 'Оборудование ПД', 'C', 2),
(786, 141, 'Мультиплексор', 'ABB FOX-515', 'Оборудование SDH и DWDM', 'G', 1),
(787, 141, 'Мультиплексор', 'NEC SpectralWave', 'Оборудование SDH и DWDM', 'G', 1),
(788, 141, 'Телекомм. шкаф', 'Шкаф Rittal TS8 ', 'Шкаф', 'A', 2),
(789, 141, 'ЭПУ', 'Eltek Minipack', 'ЭПУ/ИБП', 'B', 1),
(790, 142, 'Мультиплексор ', 'ABB FOX-512', 'Оборудование SDH и DWDM', 'G', 1),
(791, 142, 'ЭПУ', 'Eltek Minipack', 'ЭПУ/ИБП', 'B', 1),
(792, 142, 'Телекомм. шкаф', 'Шкаф Rittal TS8 ', 'Шкаф', 'A', 1),
(793, 143, 'Мультиплексор', 'ABB FOX-515', 'Оборудование SDH и DWDM', 'G', 2),
(794, 143, 'ЭПУ', 'Elteco BZX', 'ЭПУ/ИБП', 'B', 1),
(795, 143, 'Телекомм. шкаф', 'Шкаф Rittal TS8', 'Шкаф', 'A', 2),
(796, 144, 'Мультиплексор', 'ABB FOX-515', 'Оборудование SDH и DWDM', 'G', 1),
(797, 144, 'Мультиплексор', 'NEC SpectralWave', 'Оборудование SDH и DWDM', 'G', 1),
(798, 144, 'Телекомм. шкаф', 'Шкаф Rittal TS8 ', 'Шкаф', 'A', 2),
(799, 145, 'Мультиплексор', 'ABB FOX-515', 'Оборудование SDH и DWDM', 'G', 1),
(800, 145, 'Сервер NMS/EMS', 'СУ Alcatel', 'Сервер', 'SRV', 2),
(801, 145, 'АРМ', 'Рабочая станция СУ', 'Рабочая станция', 'WS', 1),
(802, 145, 'АРМ', 'Рабочая станция СУ', 'Рабочая станция', 'WS', 1),
(803, 145, 'Телекомм. Шкаф', 'Шкаф', 'Шкаф', 'A', 2),
(804, 145, 'ЭПУ', 'Eltek Flatpack2', 'ЭПУ/ИБП', 'B', 1),
(805, 146, 'Мультиплексор', 'ABB FOX-515', 'Оборудование SDH и DWDM', 'G', 1),
(806, 146, 'Телекомм. шкаф', 'Шкаф Rittal TS8 ', 'Шкаф', 'A', 1),
(807, 147, 'DWDM мультиплексор', 'Transmode TM-3000', 'Оборудование SDH и DWDM', 'G', 1),
(808, 147, 'Мультиплексор ', 'NEC SpectralWave', 'Оборудование SDH и DWDM', 'G', 1),
(809, 147, 'Мультиплексор          ', 'ABB FOX-515', 'Оборудование SDH и DWDM', 'G', 1),
(810, 147, 'Телекомм. шкаф', 'Шкаф ', 'Шкаф', 'A', 3),
(811, 147, 'ЭПУ', 'Eltek Flatpack2', 'ЭПУ/ИБП', 'B', 1),
(812, 148, 'Мультиплексор', 'ABB FOX-515', 'Оборудование SDH и DWDM', 'G', 1),
(813, 148, 'Телекомм. шкаф', 'Шкаф Rittal TS8 ', 'Шкаф', 'A', 1),
(814, 149, 'Мультиплексор', 'ABB FOX-515', 'Оборудование SDH и DWDM', 'G', 1),
(815, 149, 'Телекомм. Шкаф', 'Шкаф Rittal TS8 ', 'Шкаф', 'A', 1),
(816, 149, 'Маршрутизатор', 'Cisco 2921', 'Оборудование ПД', 'C', 1),
(817, 149, 'Коммутатор', 'Cisco ME3400', 'Оборудование ПД', 'C', 1),
(818, 150, 'Мультиплексор', 'ABB FOX-515', 'Оборудование SDH и DWDM', 'G', 3),
(819, 150, 'Мультиплексор', 'ABB FOX-515', 'Оборудование SDH и DWDM', 'G', 1),
(820, 150, 'Мультиплексор', 'NEC SpectralWave ', 'Оборудование SDH и DWDM', 'G', 1),
(821, 150, 'Телекомм. шкаф', 'Шкаф NEC', 'Шкаф', 'A', 1),
(822, 150, 'Телекомм. шкаф', 'Шкаф Rittal TS8 ', 'Шкаф', 'A', 1),
(823, 150, 'ЭПУ', 'УЭПС-2', 'ЭПУ/ИБП', 'B', 1),
(824, 150, 'ЭПУ', 'УЭПС-2', 'ЭПУ/ИБП', 'B', 1),
(825, 150, 'Телекомм. шкаф', 'ZPAS', 'Шкаф', 'A', 1),
(826, 150, 'ЭПУ', 'EFORE OPUS', 'ЭПУ/ИБП', 'B', 1),
(827, 150, 'Сервер NMS/EMS', 'СУ ABB Foxman UN', 'Сервер ', 'SRV', 1),
(828, 151, 'Мультиплексор', 'ABB FOX-515', 'Оборудование SDH и DWDM', 'G', 1),
(829, 151, 'Мультиплексор', 'NEC SpectralWave', 'Оборудование SDH и DWDM', 'G', 1),
(830, 151, 'Телекомм. шкаф', 'Шкаф Rittal TS8 ', 'Шкаф', 'A', 2),
(831, 151, 'ЭПУ', 'Eltek Minipack ', 'ЭПУ/ИБП', 'B', 1),
(832, 152, 'Мультиплексор          ', 'ABB FOX-512', 'Оборудование SDH и DWDM', 'G', 1),
(833, 152, 'Телекомм. шкаф', 'Шкаф Rittal TS8 ', 'Шкаф', 'A', 1),
(834, 152, 'ЭПУ', 'Eltek Flatpack2', 'ЭПУ/ИБП', 'B', 1),
(835, 153, 'Мультиплексор ', 'ABB FOX-512', 'Оборудование SDH и DWDM', 'G', 1),
(836, 154, 'Мультиплексор          ', 'ABB FOX-512', 'Оборудование SDH и DWDM', 'G', 1),
(837, 154, 'Телекомм. шкаф', 'Шкаф Rittal TS8 ', 'Шкаф', 'A', 1),
(838, 154, 'ЭПУ', 'Eltek Flatpack2', 'ЭПУ/ИБП', 'B', 1),
(839, 155, 'Мультиплексор          ', 'ABB FOX-512', 'Оборудование SDH и DWDM', 'G', 1),
(840, 155, 'Телекомм. шкаф', 'Шкаф Rittal TS8 ', 'Шкаф', 'A', 1),
(841, 155, 'ЭПУ', 'Eltek Minipack', 'ЭПУ/ИБП', 'B', 1),
(842, 156, 'Мультиплексор          ', 'ABB FOX-512', 'Оборудование SDH и DWDM', 'G', 1),
(843, 156, 'Телекомм. шкаф', 'Шкаф Rittal TS8 ', 'Шкаф', 'A', 1),
(844, 156, 'ЭПУ', 'EFORE EPOS MINI', 'ЭПУ/ИБП', 'B', 1),
(845, 157, 'Мультиплексор          ', 'ABB FOX-515', 'Оборудование SDH и DWDM', 'G', 1),
(846, 157, 'Телекомм. шкаф', 'Шкаф Rittal TS8 ', 'Шкаф', 'A', 1),
(847, 158, 'Мультиплексор', 'ABB FOX-512', 'Оборудование SDH и DWDM', 'G', 1),
(848, 158, 'ЭПУ', 'Штиль PSC200', 'ЭПУ/ИБП', 'B', 1),
(849, 158, 'Телекомм. шкаф', 'Шкаф Rittal TS8 ', 'Шкаф', 'A', 1),
(850, 159, 'Телекомм. шкаф', 'ZPAS ', 'Шкаф', 'A', 1),
(851, 159, 'ЭПУ', 'EFORE EPOS MINI', 'ЭПУ/ИБП', 'B', 1),
(852, 159, 'Мультиплексор          ', 'ABB FOX-512', 'Оборудование SDH и DWDM', 'G', 1),
(853, 160, 'Мультиплексор', 'ABB FOX-515', 'Оборудование SDH и DWDM', 'G', 1),
(854, 160, 'Телекомм. шкаф', 'Шкаф  E600', 'Шкаф', 'A', 1),
(855, 161, 'Мультиплексор          ', 'ABB FOX-512', 'Оборудование SDH и DWDM', 'G', 1),
(856, 161, 'Телекомм. шкаф', 'Шкаф Rittal TS8 ', 'Шкаф', 'A', 1),
(857, 161, 'ЭПУ', 'Eltek Minipack', 'ЭПУ/ИБП', 'B', 1),
(858, 162, 'Мультиплексор          ', 'ABB FOX-512', 'Оборудование SDH и DWDM', 'G', 1),
(859, 162, 'Телекомм. шкаф', 'Шкаф Rittal TS8 ', 'Шкаф', 'A', 1),
(860, 162, 'ЭПУ', 'Eltek Minipack', 'ЭПУ/ИБП', 'B', 1),
(861, 163, 'Мультиплексор          ', 'ABB FOX-512', 'Оборудование SDH и DWDM', 'G', 1),
(862, 163, 'Телекомм. шкаф', 'Шкаф Rittal TS8 ', 'Шкаф', 'A', 1),
(863, 163, 'ЭПУ', 'Eltek Minipack', 'ЭПУ/ИБП', 'B', 1),
(864, 164, 'Мультиплексор', 'ABB FOX-515', 'Оборудование SDH и DWDM', 'G', 1),
(865, 164, 'Телекомм. шкаф', 'Шкаф Контур', 'Шкаф', 'A', 1),
(866, 165, 'Телекомм. шкаф', 'ZPAS ', 'Шкаф', 'A', 1),
(867, 165, 'ЭПУ', 'EFORE EPOS MINI', 'ЭПУ/ИБП', 'B', 1),
(868, 165, 'Мультиплексор          ', 'ABB FOX-515', 'Оборудование SDH и DWDM', 'G', 1),
(869, 166, 'Мультиплексор', 'ABB FOX-515', 'Оборудование SDH и DWDM', 'G', 2),
(870, 166, 'Мультиплексор', 'NEC SpectralWave', 'Оборудование SDH и DWDM', 'G', 1),
(871, 166, 'Телекомм. шкаф', 'Шкаф NEC', 'Шкаф', 'A', 1),
(872, 166, 'Телекомм. шкаф', 'Шкаф Rittal TS8 ', 'Шкаф', 'A', 1),
(873, 166, 'Сервер NMS/EMS', 'СУ NEC INC-100MS', 'Сервер ', 'SRV', 1),
(874, 166, 'АРМ', 'Рабочая станция СУ', 'Рабочая станция ', ' WS', 1),
(875, 167, 'Мультиплексор', 'ABB FOX-515', 'Оборудование SDH и DWDM', 'G', 1),
(876, 167, 'Телекомм. шкаф', 'Шкаф Rittal TS8 ', 'Шкаф', 'A', 1),
(877, 168, 'Мультиплексор ', 'ABB FOX-515', 'Оборудование SDH и DWDM', 'G', 1),
(878, 168, 'Мультиплексор ', 'Alcatel 1660', 'Оборудование SDH и DWDM', 'G', 1),
(879, 168, 'Телекомм. шкаф', 'Шкаф ', 'Шкаф', 'A', 2),
(880, 168, 'ЭПУ', 'Eltek Flatpack2', 'ЭПУ/ИБП', 'B', 1),
(881, 168, 'Усилитель оптический', 'КОНУС EAU-100-Т21', 'Оборудование SDH и DWDM', 'G', 1),
(882, 169, 'Мультиплексор ', 'ABB FOX-515', 'Оборудование SDH и DWDM', 'G', 1),
(883, 169, 'Телекомм. шкаф', 'Шкаф ', 'Шкаф', 'A', 1),
(884, 169, 'ЭПУ', 'Eltek Flatpack2', 'ЭПУ/ИБП', 'B', 1);

-- --------------------------------------------------------

--
-- Структура таблицы `erg`
--

CREATE TABLE `erg` (
  `id` int(2) UNSIGNED NOT NULL,
  `name` varchar(32) NOT NULL,
  `login` varchar(100) NOT NULL,
  `pass` varchar(100) NOT NULL,
  `sign` varchar(100) NOT NULL
) ENGINE=MyISAM DEFAULT CHARSET=utf8;

--
-- Дамп данных таблицы `erg`
--

INSERT INTO `erg` (`id`, `name`, `login`, `pass`, `sign`) VALUES
(1, 'Новосибирская ЭРГ1', 'novosibirsk', '24842397f03caf13693475f3aeb37a63', ''),
(2, 'Омская ЭРГ', 'Omsk-ERG', 'b262262e07e9facad8d58d07eb05a3d2', ''),
(3, 'Кемеровская ЭРГ', 'timofeev-sv', '0173294fe21fcfc023a68f2f269a3239', ''),
(4, 'Томская ЭРГ', 'Tomsk-ERG', '9067a70cb39f1d0a80ecd904126260e3', ''),
(5, 'Красноярская ЭРГ', 'kreg', 'e0cea4bb45e36c115356e46910c354af', ''),
(6, 'Хакасская ЭРГ', 'Hakas', 'eed23196e62f8b98b6fd2ea881fec77a', ''),
(7, 'Северобайкальская ЭРГ', 'andreev-ag', '98a99cb9ab85f73270765595cd068a82', ''),
(8, 'ЧТЭ', 'chte', '7618a272cd562002aff18fb32f5044c9', '');

-- --------------------------------------------------------

--
-- Структура таблицы `fol_counterparty`
--

CREATE TABLE `fol_counterparty` (
  `id` int(11) NOT NULL,
  `name` char(30) CHARACTER SET utf8 COLLATE utf8_general_ci DEFAULT NULL,
  `email` char(50) DEFAULT NULL,
  `phone` char(12) DEFAULT NULL
) ENGINE=InnoDB DEFAULT CHARSET=utf8;

--
-- Дамп данных таблицы `fol_counterparty`
--

INSERT INTO `fol_counterparty` (`id`, `name`, `email`, `phone`) VALUES
(1, '---', '---', '---'),
(2, 'Получена в ГУиМС', 'dsguims@sibir.fsk-ees.ru', '+73912659699'),
(3, 'Согласована МУС Энергетики', 'ds@sibir.fsk-ees.ru', '+73912659699'),
(4, 'Согласована в ФСК', 'test@test.ru', '123'),
(5, 'Разослана на всех', 'testall@test.ru', '+77777777777'),
(12, '1', 'test1@test.ru', '2'),
(41, 'Ира', 'ira@ira.ru', '777'),
(44, 'Новый', 'new@test.ru', '22232233232'),
(45, 'Павел', 'kovchin@mail.ru', '+79607601503'),
(46, 'Еще один контрагент', 'mail@mail.ru', '+79999999999'),
(47, 'Алексей', 'agraffit@gmail.com', '+79029233190'),
(48, 'Смуглов', 'smuglon@ya.ru', '+79039874477'),
(49, 'Кэскил', 'nik96keskil@mail.ru', '+79832886166'),
(55, '2', '4', '3'),
(57, '222', '&lt;h1&gt;Новая почта&lt;/h1&gt;', '111'),
(58, 'test', '&lt;hr&gt;', 'test'),
(59, '&lt;br&gt;', '&lt;a&gt;Ссылка&lt;/a&gt;', '&lt;hr&gt;');

-- --------------------------------------------------------

--
-- Структура таблицы `fol_list`
--

CREATE TABLE `fol_list` (
  `id` int(11) NOT NULL,
  `CRQ` int(11) NOT NULL,
  `ASU` int(11) DEFAULT NULL,
  `name` text NOT NULL,
  `compleate` tinyint(1) DEFAULT '0',
  `agreed` tinyint(1) DEFAULT NULL,
  `canceled` tinyint(4) DEFAULT NULL,
  `date_of_work` date DEFAULT NULL
) ENGINE=InnoDB DEFAULT CHARSET=utf8;

--
-- Дамп данных таблицы `fol_list`
--

INSERT INTO `fol_list` (`id`, `CRQ`, `ASU`, `name`, `compleate`, `agreed`, `canceled`, `date_of_work`) VALUES
(1, 123321, 0, 'Что это за работы', 0, 1, 0, '2019-08-18'),
(2, 767, 0, 'ВОЛС 767', 0, 0, 0, '2007-06-07'),
(18, 1, NULL, 'ТК Имени Василия. Но мы внесли еще какие то данные', 1, 1, NULL, '2019-12-10'),
(20, 234234, NULL, 'test', 0, NULL, NULL, '2019-12-09'),
(26, 7000, NULL, 'еуые', 0, NULL, NULL, NULL),
(27, 7001, NULL, 'Тестовые работы', 1, NULL, NULL, NULL),
(28, 7002, NULL, 'Замена поля название работ', 0, NULL, NULL, '2019-12-24'),
(29, 7003, NULL, 'Новая ТК', 0, NULL, NULL, NULL),
(30, 7005, 123321, 'Работы имени Юрчелло', 0, NULL, NULL, '2019-12-25'),
(31, 7010, NULL, 'ТК Имени Василия. Но мы внесли еще какие то данные', 1, NULL, NULL, '2020-01-31'),
(32, 707070, NULL, 'Работы по ТК на ВОЛС Пеледуй', 0, NULL, NULL, '2020-01-30'),
(33, 555555, NULL, 'Новые работы', 0, NULL, NULL, '2020-03-18'),
(74, 12341234, NULL, 'sadfqwfqewf', 0, NULL, NULL, NULL),
(75, 32154325, NULL, 'Работы с датой', 0, NULL, NULL, NULL),
(76, 123213, NULL, 'Работы с датой', 0, NULL, NULL, '2020-03-25'),
(77, 32132112, NULL, 'Работы без dfsafqwefдаты', 0, NULL, NULL, NULL),
(78, 11111111, NULL, 'Работы без даты', 0, NULL, NULL, NULL),
(79, 1111, NULL, 'Работы с датой', 0, NULL, NULL, '2020-03-23'),
(80, 222, NULL, 'Работы без даты', 0, NULL, NULL, NULL),
(81, 22, NULL, 'Работы с датой', 0, NULL, NULL, '2020-03-25'),
(82, 123, NULL, 'test', 0, NULL, NULL, NULL),
(85, 7777, NULL, '&lt;h2&gt;Новые работы.&lt;/h2&gt;', 0, NULL, NULL, NULL),
(86, 88, NULL, 'Новые работы', 0, NULL, NULL, '2020-03-25'),
(87, 123123, NULL, 'Еще одни работы', 0, NULL, NULL, NULL),
(88, 1234123, NULL, 'Еще одни работы', 0, NULL, NULL, NULL);

-- --------------------------------------------------------

--
-- Структура таблицы `fol_system_flag`
--

CREATE TABLE `fol_system_flag` (
  `id` int(11) NOT NULL,
  `name` text NOT NULL
) ENGINE=InnoDB DEFAULT CHARSET=utf8;

--
-- Дамп данных таблицы `fol_system_flag`
--

INSERT INTO `fol_system_flag` (`id`, `name`) VALUES
(1, 'Инициатор'),
(2, 'Согласование ТК'),
(3, 'Согласование заявки на ВОЛС'),
(4, '---'),
(5, 'Отправлена на доработку'),
(6, 'Отмена работ'),
(7, 'Информирование об отмене');

-- --------------------------------------------------------

--
-- Структура таблицы `fol_working_process`
--

CREATE TABLE `fol_working_process` (
  `id` int(11) NOT NULL,
  `id_crq` int(11) NOT NULL,
  `id_counterparty` int(11) NOT NULL,
  `flag` smallint(2) NOT NULL,
  `data` date DEFAULT NULL,
  `revision` char(10) DEFAULT NULL,
  `revisionComment` text CHARACTER SET utf8 COLLATE utf8_general_ci,
  `id_personel` tinyint(4) DEFAULT NULL
) ENGINE=InnoDB DEFAULT CHARSET=utf8;

--
-- Дамп данных таблицы `fol_working_process`
--

INSERT INTO `fol_working_process` (`id`, `id_crq`, `id_counterparty`, `flag`, `data`, `revision`, `revisionComment`, `id_personel`) VALUES
(1, 2, 41, 1, '2019-08-09', NULL, NULL, NULL),
(2, 2, 1, 2, '2019-08-01', NULL, NULL, NULL),
(3, 2, 2, 2, '2019-08-02', NULL, NULL, NULL),
(4, 2, 1, 3, '2019-07-23', NULL, NULL, NULL),
(5, 2, 2, 3, '2019-07-02', NULL, NULL, NULL),
(6, 2, 3, 3, '2019-07-17', NULL, NULL, NULL),
(7, 1, 12, 1, '2019-08-05', NULL, NULL, NULL),
(8, 18, 44, 1, NULL, NULL, NULL, NULL),
(9, 20, 12, 1, NULL, NULL, NULL, NULL),
(26, 26, 41, 1, NULL, NULL, NULL, NULL),
(27, 26, 2, 2, NULL, NULL, NULL, NULL),
(28, 26, 3, 2, NULL, '1', 'Тестовая отмена', NULL),
(29, 26, 4, 2, NULL, NULL, NULL, NULL),
(30, 27, 1, 1, NULL, NULL, NULL, NULL),
(31, 27, 2, 2, NULL, NULL, NULL, NULL),
(32, 27, 3, 2, NULL, NULL, NULL, NULL),
(33, 27, 4, 2, NULL, NULL, NULL, NULL),
(34, 28, 46, 1, NULL, NULL, NULL, NULL),
(35, 28, 2, 2, NULL, NULL, NULL, NULL),
(36, 28, 3, 2, NULL, NULL, NULL, NULL),
(37, 28, 4, 2, NULL, NULL, NULL, NULL),
(38, 28, 2, 3, NULL, NULL, NULL, NULL),
(39, 28, 3, 3, NULL, NULL, NULL, NULL),
(40, 28, 5, 3, NULL, NULL, NULL, NULL),
(41, 29, 1, 1, NULL, NULL, NULL, NULL),
(42, 29, 2, 2, NULL, NULL, NULL, NULL),
(43, 29, 3, 2, NULL, NULL, NULL, NULL),
(44, 29, 4, 2, NULL, NULL, NULL, NULL),
(45, 29, 2, 3, NULL, NULL, NULL, NULL),
(46, 29, 3, 3, NULL, NULL, NULL, NULL),
(47, 29, 5, 3, NULL, NULL, NULL, NULL),
(48, 30, 3, 1, NULL, NULL, NULL, NULL),
(49, 30, 2, 2, '2019-12-27', NULL, NULL, NULL),
(50, 30, 3, 2, NULL, '1', 'Проверка', NULL),
(51, 30, 4, 2, NULL, NULL, NULL, NULL),
(52, 30, 2, 3, NULL, NULL, NULL, NULL),
(53, 30, 3, 3, NULL, NULL, NULL, NULL),
(54, 30, 5, 3, NULL, NULL, NULL, NULL),
(55, 31, 49, 1, NULL, NULL, NULL, NULL),
(56, 31, 2, 2, NULL, NULL, NULL, NULL),
(57, 31, 3, 2, NULL, NULL, NULL, NULL),
(58, 31, 4, 2, NULL, NULL, NULL, NULL),
(59, 31, 2, 3, NULL, NULL, NULL, NULL),
(60, 31, 3, 3, NULL, NULL, NULL, NULL),
(61, 31, 5, 3, NULL, NULL, NULL, NULL),
(62, 32, 49, 1, NULL, NULL, NULL, NULL),
(63, 32, 2, 2, NULL, NULL, NULL, NULL),
(64, 32, 3, 2, NULL, NULL, NULL, NULL),
(65, 32, 4, 7, '2020-03-26', NULL, NULL, 11),
(66, 32, 2, 3, NULL, NULL, NULL, NULL),
(67, 32, 3, 3, NULL, NULL, NULL, NULL),
(68, 32, 5, 3, NULL, NULL, NULL, NULL),
(69, 33, 44, 1, NULL, NULL, NULL, NULL),
(70, 33, 2, 2, NULL, NULL, NULL, NULL),
(71, 33, 3, 2, NULL, NULL, NULL, NULL),
(72, 33, 4, 2, NULL, NULL, NULL, NULL),
(73, 33, 2, 3, NULL, NULL, NULL, NULL),
(74, 33, 3, 3, NULL, NULL, NULL, NULL),
(75, 33, 5, 3, NULL, NULL, NULL, NULL),
(76, 30, 47, 6, '2020-03-25', NULL, 'Работы отменены', 12);

-- --------------------------------------------------------

--
-- Структура таблицы `log`
--

CREATE TABLE `log` (
  `id` int(20) NOT NULL,
  `note` varchar(1000) NOT NULL,
  `time` int(10) NOT NULL
) ENGINE=MyISAM DEFAULT CHARSET=utf8;

--
-- Дамп данных таблицы `log`
--

INSERT INTO `log` (`id`, `note`, `time`) VALUES
(24, 'Омская ЭРГ изменил дату проведения ТО УС Связьтранснефть Барабинск с 2019-06-06 на 2019-06-26', 1559292889),
(23, 'Омская ЭРГ изменил дату проведения ТО Барабинская ТЭЦ с 2019-06-06 на 2019-06-25', 1559292886),
(22, 'Омская ЭРГ изменил дату проведения ТО ПС 500 кВ Барабинская с 2019-06-05 на 2019-06-25', 1559292882),
(21, 'Омская ЭРГ изменил дату проведения ТО ПС 220 кВ Татарская с 2019-06-04 на 2019-06-26', 1559292877),
(20, 'Омская ЭРГ изменил дату проведения ТО ПС 110 кВ Калачинская с 2019-06-03 на 2019-06-24', 1559292865),
(25, 'Кемеровская ЭРГ изменил дату проведения ТО ПС 220 кВ Краснополянская с 2019-06-07 на 2019-06-03', 1559559469),
(26, 'Кемеровская ЭРГ изменил дату проведения ТО ПС 220 кВ Еланская с 2019-06-05 на 2019-06-06', 1559559596),
(27, 'Кемеровская ЭРГ изменил дату проведения ТО Томь-Усинская ГРЭС с 2019-06-06 на 2019-06-05', 1559559601),
(28, 'Кемеровская ЭРГ изменил дату проведения ТО Томь-Усинская ГРЭС с 2019-06-06 на 2019-06-06', 1559559603),
(29, 'Кемеровская ЭРГ изменил дату проведения ТО Томь-Усинская ГРЭС с 2019-06-06 на 2019-06-07', 1559559604),
(30, 'Кемеровская ЭРГ изменил дату проведения ТО ПС 220 кВ Северный Маганак с 2019-06-13 на ', 1559559689),
(31, 'Кемеровская ЭРГ изменил дату проведения ТО ПС 220 кВ Северный Маганак с 2019-06-13 на 2019-06-01', 1559559693),
(32, 'Кемеровская ЭРГ изменил дату проведения ТО ПС 220 кВ Северный Маганак с 2019-06-13 на 2019-06-14', 1559559693),
(33, 'Хакасская ЭРГ изменил дату проведения ТО НРП Шагонар с 2019-06-06 на 2019-06-05', 1559625964),
(34, 'Хакасская ЭРГ изменил дату проведения ТО ПС 220 кВ Чадан с 2019-06-05 на 2019-06-04', 1559625972),
(35, 'Хакасская ЭРГ изменил дату проведения ТО НРП Шагонар с 2019-06-06 на 2019-06-06', 1559625997),
(36, 'Хакасская ЭРГ изменил дату проведения ТО ПС 220 кВ Ак-Довурак с 2019-06-05 на 2019-06-04', 1559649038),
(37, 'Хакасская ЭРГ изменил дату проведения ТО САЗ-2 с  на 2019-07-10', 1559649113),
(38, 'Хакасская ЭРГ изменил дату проведения ТО Хакасское ПМЭС с  на 2019-07-17', 1559649117),
(39, 'Хакасская ЭРГ изменил дату проведения ТО ПС 220 кВ Означенное-районная с  на 2019-08-06', 1559649197),
(40, 'Хакасская ЭРГ изменил дату проведения ТО ПС 500 кВ Означенное с  на 2019-08-06', 1559649204),
(41, 'Хакасская ЭРГ изменил дату проведения ТО Означенное радиовынос с  на 2019-08-06', 1559649210),
(42, 'Хакасская ЭРГ изменил дату проведения ТО ПС 500 кВ Абаканская с  на 2019-08-21', 1559649219),
(43, 'Хакасская ЭРГ изменил дату проведения ТО ПС 220 кВ Абакан-районная с  на 2019-08-21', 1559649224),
(44, 'Хакасская ЭРГ изменил дату проведения ТО МСС-331 с  на 2019-08-22', 1559649229),
(45, 'Хакасская ЭРГ изменил дату проведения ТО ПС 500 кВ Алюминиевая с  на 2019-08-07', 1559649234),
(46, 'Хакасская ЭРГ изменил дату проведения ТО ПС 220 кВ Означенное-районная с  на 2019-08-09', 1559649241),
(47, 'Хакасская ЭРГ изменил дату проведения ТО Хакасское РДУ с  на 2019-08-22', 1559649247),
(48, 'Хакасская ЭРГ изменил дату проведения ТО МСС-332 с  на 2019-08-15', 1559649254),
(49, 'Хакасская ЭРГ изменил дату проведения ТО ПС 220 кВ Кызылская с  на 2019-08-14', 1559649259),
(50, 'Хакасская ЭРГ изменил дату проведения ТО ПС 220 кВ Туран с  на 2019-08-14', 1559649262),
(51, 'Хакасская ЭРГ изменил дату проведения ТО Саяно-Шушенская ГЭС с  на 2019-08-08', 1559649268),
(52, 'Кемеровская ЭРГ изменил дату проведения ТО ПС 220 кВ Бачатская с 2019-06-06 на 2019-06-07', 1559650801),
(53, 'Кемеровская ЭРГ изменил дату проведения ТО ПС 220 кВ Бачатская с 2019-06-06 на 2019-06-13', 1559650828),
(54, 'Томская ЭРГ изменил дату проведения ТО УС РТК Каргасок с 2019-07-19 на 2019-07-20', 1559702149),
(55, 'Томская ЭРГ изменил дату проведения ТО УС РТК Каргасок с 2019-07-19 на 2019-07-19', 1559702151),
(56, 'Северобайкальская ЭРГ изменил дату проведения ТО ПС 220 кВ Янчукан с 2019-07-26 на 2019-07-18', 1559800705),
(57, 'Северобайкальская ЭРГ изменил дату проведения ТО ПС 220 кВ Янчукан с 2019-07-26 на 2019-07-26', 1559800708),
(58, 'Кемеровская ЭРГ изменил дату проведения ТО ПС 220 кВ Бачатская с 2019-06-13 на ', 1559872239),
(59, 'Кемеровская ЭРГ изменил дату проведения ТО ПС 220 кВ Бачатская с 2019-06-13 на 2019-06-30', 1559872242),
(60, 'Кемеровская ЭРГ изменил дату проведения ТО ПС 220 кВ Бачатская с 2019-06-13 на 2019-06-01', 1559872243),
(61, 'Кемеровская ЭРГ изменил дату проведения ТО ПС 220 кВ Бачатская с 2019-06-13 на 2019-06-06', 1559872249),
(62, 'Томская ЭРГ изменил дату проведения ТО УС РТК Мельниково с 2019-06-14 на 2019-06-28', 1560216589),
(63, 'Кемеровская ЭРГ изменил дату проведения ТО ПС 220 кВ Междуреченская с 2019-07-11 на 2019-07-10', 1560393475),
(64, 'Кемеровская ЭРГ изменил дату проведения ТО ПС 220 кВ Междуреченская с 2019-07-11 на 2019-07-09', 1560393475),
(65, 'Кемеровская ЭРГ изменил дату проведения ТО ПС 220 кВ Междуреченская с 2019-07-11 на 2019-07-08', 1560393478),
(66, 'Кемеровская ЭРГ изменил дату проведения ТО ПС 220 кВ Междуреченская с 2019-07-11 на 2019-07-07', 1560393478),
(67, 'Кемеровская ЭРГ изменил дату проведения ТО ПС 220 кВ Междуреченская с 2019-07-11 на 2019-07-06', 1560393479),
(68, 'Кемеровская ЭРГ изменил дату проведения ТО ПС 220 кВ Междуреченская с 2019-07-11 на 2019-07-05', 1560393479),
(69, 'Кемеровская ЭРГ изменил дату проведения ТО ПС 220 кВ Междуреченская с 2019-07-11 на 2019-07-04', 1560393480),
(70, 'Кемеровская ЭРГ изменил дату проведения ТО ПС 500 кВ Кузбасская с 2019-07-04 на 2019-07-03', 1560393484),
(71, 'Кемеровская ЭРГ изменил дату проведения ТО РУС Кемерово с 2019-07-03 на 2019-07-04', 1560393487),
(72, 'Кемеровская ЭРГ изменил дату проведения ТО РУС Кемерово с 2019-07-03 на 2019-07-05', 1560393487),
(73, 'Кемеровская ЭРГ изменил дату проведения ТО РУС Кемерово с 2019-07-03 на 2019-07-06', 1560393487),
(74, 'Кемеровская ЭРГ изменил дату проведения ТО РУС Кемерово с 2019-07-03 на 2019-07-07', 1560393487),
(75, 'Кемеровская ЭРГ изменил дату проведения ТО РУС Кемерово с 2019-07-03 на 2019-07-08', 1560393488),
(76, 'Кемеровская ЭРГ изменил дату проведения ТО РУС Кемерово с 2019-07-03 на 2019-07-09', 1560393488),
(77, 'Кемеровская ЭРГ изменил дату проведения ТО РУС Кемерово с 2019-07-03 на 2019-07-10', 1560393489),
(78, 'Кемеровская ЭРГ изменил дату проведения ТО РУС Кемерово с 2019-07-03 на 2019-07-11', 1560393489),
(79, 'Новосибирская ЭРГ изменил дату проведения ТО Новосибирская ГЭС с 2019-06-26 на 2019-06-25', 1560419219),
(80, 'Новосибирская ЭРГ изменил дату проведения ТО Новосибирская ГЭС с 2019-06-26 на 2019-06-24', 1560419233),
(81, 'Омская ЭРГ изменил дату проведения ТО ПС 220 кВ Называевская с 2019-08-01 на 2019-08-06', 1560503997),
(82, 'Омская ЭРГ изменил дату проведения ТО Омский участок ЗСПМЭС с 2019-08-01 на 2019-08-20', 1560504116),
(83, 'Хакасская ЭРГ изменил дату проведения ТО ПС 220 кВ Аскиз с 2019-06-19 на 2019-06-17', 1560760004),
(84, 'Хакасская ЭРГ изменил дату проведения ТО ПС 220 кВ Аскиз с 2019-06-19 на 2019-06-18', 1560760009),
(85, 'Хакасская ЭРГ изменил дату проведения ТО ПС 220 кВ Тея с 2019-06-19 на 2019-06-17', 1560760014),
(86, 'Новосибирская ЭРГ изменил дату проведения ТО ПС 220 кВ Восточная с 2019-08-20 на 2019-08-21', 1560931948),
(87, 'Новосибирская ЭРГ изменил дату проведения ТО Новосибиское РДУ с 2019-08-21 на 2019-08-20', 1560931954),
(88, 'Томская ЭРГ изменил дату проведения ТО ПС 500 кВ Томская с 2019-08-08 на 2019-08-01', 1560936513),
(89, 'Томская ЭРГ изменил дату проведения ТО ПС 500 кВ Томская с 2019-08-08 на 2019-08-13', 1560936514),
(90, 'Красноярская ЭРГ изменил дату проведения ТО ПС 220 кВ Ужур с 2019-06-25 на 2019-06-24', 1561332589),
(91, 'Красноярская ЭРГ изменил дату проведения ТО ПС 110 кВ Парная с 2019-06-24 на 2019-06-25', 1561332594),
(92, 'Хакасская ЭРГ изменил дату проведения ТО ПС 220 кВ Минусинск-Опорная с 2019-06-26 на 2019-06-24', 1561341280),
(93, 'Хакасская ЭРГ изменил дату проведения ТО ПС 35 кВ Танзыбей с 2019-06-26 на 2019-06-25', 1561341289),
(94, 'Хакасская ЭРГ изменил дату проведения ТО ПС 220 кВ Сора с 2019-06-28 на 2019-06-27', 1561341303),
(95, 'Томская ЭРГ изменил дату проведения ТО ПС 220 кВ Мельниково с 2019-06-27 на 2019-06-24', 1561607277),
(96, 'Томская ЭРГ изменил дату проведения ТО УС РТК Мельниково с 2019-06-28 на ', 1561688802),
(97, 'Томская ЭРГ изменил дату проведения ТО УС РТК Мельниково с 2019-06-28 на 2019-06-06', 1561688805),
(98, 'Томская ЭРГ изменил дату проведения ТО УС Связьтранснефть Завьялово с 2019-06-28 на 2019-06-01', 1561688909),
(99, 'Томская ЭРГ изменил дату проведения ТО УС Связьтранснефть Завьялово с 2019-06-28 на 2019-06-14', 1561688910),
(100, 'Красноярская ЭРГ изменил дату проведения ТО Красноярское РДУ с 2019-07-13 на ', 1561942794),
(101, 'Красноярская ЭРГ изменил дату проведения ТО Красноярское РДУ с 2019-07-13 на 2019-07-04', 1561942794),
(102, 'Красноярская ЭРГ изменил дату проведения ТО ПС 220 кВ Дивногорская с 2019-07-04 на ', 1561942845),
(103, 'Красноярская ЭРГ изменил дату проведения ТО ПС 220 кВ Дивногорская с 2019-07-04 на 2019-07-08', 1561942846),
(104, 'Красноярская ЭРГ изменил дату проведения ТО ОУС Сибири с 2019-07-19 на 2019-07-01', 1561942880),
(105, 'Красноярская ЭРГ изменил дату проведения ТО ОУС Сибири с 2019-07-19 на 2019-07-11', 1561942881),
(106, 'Красноярская ЭРГ изменил дату проведения ТО ПС 220 кВ Гавриловка с 2019-07-14 на 2019-07-02', 1561942894),
(107, 'Красноярская ЭРГ изменил дату проведения ТО ПС 220 кВ Гавриловка с 2019-07-14 на 2019-07-24', 1561942894),
(108, 'Томская ЭРГ изменил дату проведения ТО ПС 220 кВ Каргасок с 2019-07-05 на 2019-07-26', 1562210899),
(109, 'Томская ЭРГ изменил дату проведения ТО ПС 220 кВ Чапаевка с 2019-07-11 на 2019-07-25', 1562210916);

-- --------------------------------------------------------

--
-- Структура таблицы `objects`
--

CREATE TABLE `objects` (
  `id` int(4) UNSIGNED NOT NULL,
  `name` varchar(32) NOT NULL,
  `erg_id` int(2) UNSIGNED NOT NULL,
  `address` varchar(1024) NOT NULL
) ENGINE=MyISAM DEFAULT CHARSET=utf8 ROW_FORMAT=DYNAMIC;

--
-- Дамп данных таблицы `objects`
--

INSERT INTO `objects` (`id`, `name`, `erg_id`, `address`) VALUES
(1, 'Барабинская ТЭЦ', 2, '632383, Новосибирская обл., г. Куйбышев, ул. Савкина Грива, 1'),
(2, 'Беловская ГРЭС', 3, '652644, Кемеровская обл., г. Белово, п. Инской, мкрн. Технологический, д. 5, а/я 138'),
(3, 'Богучанская ГЭС', 5, '663491, Красноярский край, Кежемский р-н, Богучанская ГЭС'),
(4, 'Богучаны АТС', 5, 'Красноярский край, Богучанский р-н, с. Богучаны,  мкр. Геофизиков'),
(5, 'Братск, СЭС ИЭСК РПБ-1', 7, 'Иркутская область, г. Братск, п. Энергетик, район КБЖБ, промплощадка СЭС'),
(6, 'Горевский ГОК', 5, 'Красноярский край,  Мотыгинский р-н, п. Новоангарск, 4 км, Горевский ГОК'),
(7, 'Забайкальское ПМЭС', 8, '670045, Республика Бурятия, г. Улан-Удэ, ул. Ботаническая, 35б'),
(8, 'Западно-Сибирское ПМЭС', 1, '656011, Алтайский край, г. Барнаул, пр-т Калинина, 17'),
(9, 'Красноярское ПМЭС', 5, 'Красноярский край, г. Красноярск, ул. Пограничников, 105, стр. 5'),
(10, 'Красноярское РДУ', 5, 'Красноярский край, г. Красноярск, ул. Петра Подзолкова, 3г'),
(11, 'Кузбасское ПМЭС', 3, '650004, Кемеровская обл., г. Кемерово, ул. Кирчанова, 25а'),
(12, 'Лесосибирск АТС', 5, 'Красноярский край, г. Лесосибирск, ул. Мира, 3'),
(13, 'Лесосибирск СЭС', 5, 'Красноярский край,  г. Лесосибирск, ул. Горького, 126'),
(14, 'МСС-331', 6, 'Республика Хакасия, г. Абакан, ул. Советская, 45'),
(15, 'МСС-332', 6, 'Республика Тыва, г. Кызыл, ул. Кочетова, 53'),
(16, 'Назаровская ГРЭС', 5, '662200, Красноярский край, г. Назарово, ул. Арбузова'),
(17, 'Новосибирская ГЭС', 1, '630056, Новосибирская обл., г. Новосибирск, ул. Новоморская, 4'),
(18, 'Новосибиское РДУ', 1, '630007, Новосибирская обл., г. Новосибирск, ул. Свердлова, 5'),
(19, 'НРП Шагонар', 6, 'Республика Тыва, г. Шагонар'),
(20, 'Означенное радиовынос', 6, 'Республика Хакасия, Бейский район, севернее дер. Калы'),
(21, 'Омская ТЭЦ-5', 2, 'г. Омск, ул. 10 лет Октября, д. 219/2'),
(22, 'Омский участок ЗСПМЭС', 2, '644035, Омская обл., г. Омск, пр-т Губкина, 4'),
(23, 'Омское РДУ', 2, '644037, Омская обл., г. Омск, ул. Партизанская, 10'),
(24, 'ОУС Сибири', 5, '660099, Красноярский край, г. Красноярск, ул. Ады Лебедевой, 117'),
(25, 'ПС 110 кВ Калачинская', 2, '646904, Омская обл., Калачинский р-н, г. Калачинск, ул. Фрунзе, 93'),
(26, 'ПС 110 кВ Парная', 5, '662322, Красноярский край, Шарыповский р-н, п. Парная'),
(27, 'ПС 110 кВ Чебулинская', 3, '652150, Кемеровская обл., п. Верх-Чебула, ул. Советская, 269'),
(28, 'ПС 110 кВ Чуна', 7, 'Иркутская область, п.Чуна, ул. Саянская'),
(29, 'ПС 1150 кВ Алтай', 1, '658087, Алтайский край, Тальменский р-н, 7 км. от п. Сибирский Первомайского р-на'),
(30, 'ПС 1150 кВ Итатская', 5, '662328, Красноярский край, Шарыповский р-н, с. Холмогорcкое'),
(31, 'ПС 220 кВ Абаза', 6, 'Республика Хакасия, г. Абаза, ул. ТЭЦ, 2Б'),
(32, 'ПС 220 кВ Абакан-районная', 6, '655600, Республика Хакасия, Усть-Абаканский р-н, 2,8 км. Юго-Западнее ст. Ташеба'),
(33, 'ПС 220 кВ Абалаковская', 5, 'Красноярский край, Енисейский р-н, ст. Абалаково'),
(34, 'ПС 220 кВ Ак-Довурак', 6, 'Республика Тыва, Барун-Хемчикский р-н,  г. Ак-Довурак, ул. Монгуш Марата, 1'),
(35, 'ПС 220 кВ Ангоя', 7, 'Республика Бурятия, Северо-Байкальский район, п. Ангоя'),
(36, 'ПС 220 кВ Асино', 4, '636843, Томская область, Асиновский район, г. Асино, ул. Мичурина, 25'),
(37, 'ПС 220 кВ Аскиз', 6, 'Республика Хакасия, Аскизский р-н, 700 м. Юго-Восточнее п. Аскиз'),
(38, 'ПС 220 кВ Бачатская', 3, 'Кемеровская обл., Беловский р-н, п. Старо-Бачаты, ул. Боровская, 45'),
(39, 'ПС 220 кВ Бийская', 1, 'Алтайский край, г. Бийск, п. Нефтебаза, ул. Квартал, 780'),
(40, 'ПС 220 кВ БУР-1', 5, 'Красноярский край, Шарыповский р-н, северная сторона с. Родники'),
(41, 'ПС 220 кВ Вертикос', 4, 'Томская область, Каргасокский район'),
(42, 'ПС 220 кВ Власиха', 1, 'Алтайский край, г. Барнаул, проезд Южный, 51А'),
(43, 'ПС 220 кВ Володино', 4, '636310, Томская область, Кривошеинский район, с. Володино'),
(44, 'ПС 220 кВ Восточная', 1, '630126, Новосибирская обл., г. Новосибирск, ул. Кленовая, 6'),
(45, 'ПС 220 кВ Гавриловка', 5, 'Красноярский край, Иланский район, д. Гавриловка'),
(46, 'ПС 220 кВ Горняк', 1, 'Алтайский край, г. Горняк, ул.Советская, 1 ж2'),
(47, 'ПС 220 кВ ГПП-220     ', 4, '634000, Томская область, Томский район, г. Томск, тракт Кузовлевский, д. 2/1'),
(48, 'ПС 220 кВ Дивногорская', 5, '663094, Красноярский край, г. Дивногорск, ул. Заводская, 1М'),
(49, 'ПС 220 кВ Еланская', 3, 'Кемеровская область, г. Новокузнецк, Орджоникидзевский район, ул. Тернопольская, 33'),
(50, 'ПС 220 кВ Заводская', 5, '660013, Красноярский край, г. Красноярск, ул. Аральская, 29'),
(51, 'ПС 220 кВ Завьялово', 4, 'Томская область, Каргасокский район, 14 км к северу от д. Киндал'),
(52, 'ПС 220 кВ Загородная', 2, 'г. Омск, мкр. Крутая Горка, Производственная площадка №1А'),
(53, 'ПС 220 кВ Заискитимская', 3, 'г. Кемерово, Ленинский р-н, ул. Волгоградская, 65а'),
(54, 'ПС 220 кВ Зеленая', 5, 'г. Красноярск, ул. Тельмана, 55'),
(55, 'ПС 220 кВ Зональная', 4, 'Томская область, Томский район, 1 км к северо-западу от п. Мирный'),
(56, 'ПС 220 кВ ЗСМК', 3, 'Кемеровская обл., г. Новокузнецк, Заводской р-н, тупик Есаульский, 29'),
(57, 'ПС 220 кВ Каргасок', 4, 'Томская область, Каргасокский район, п. Каргасок, ул.Энергетиков,1'),
(58, 'ПС 220 кВ Кемеровская', 3, '650901, Кемеровская обл., г. Кемерово, п. Комиссарово, ул. Центральная'),
(59, 'ПС 220 кВ КИСК', 5, 'г. Красноярск, ул. Пограничников, 40г, ООО \"Комбинат индустриальных строительных конструкций\"'),
(60, 'ПС 220 кВ Киренга', 7, 'Иркутская область, Казаченско-Ленский район, п. Магистральный'),
(61, 'ПС 220 кВ Кодинская-ГПП', 5, 'Красноярский край, Кежемский р-н, г. Кодинск, коммунальная зона'),
(62, 'ПС 220 кВ Коршуниха', 7, 'Иркутская область, Нижне-Илимский район, г. Железногорск-Илимский, промзона'),
(63, 'ПС 220 кВ Красная Сопка', 5, 'Красноярский край, Назаровский р-н, п.Красная Сопка, ул.Трактовая, 35'),
(64, 'ПС 220 кВ Краснополянская', 3, 'Кемеровская область, г. Ленинск- Кузнецкий, ул, Энергетиков, 8'),
(65, 'ПС 220 кВ Крохалевская', 3, '652427, Кемеровская обл., г. Березовский, ул. Подстанционная'),
(66, 'ПС 220 кВ Куанда', 7, 'Забайкальский край, Каларский  р-н, с. Куанда'),
(67, 'ПС 220 кВ Кызылская', 6, 'Республика Тыва, г. Кызыл'),
(68, 'ПС 220 кВ Левобережная', 5, '660062, Красноярский край, г. Красноярск, ул. Вильского, 7'),
(69, 'ПС 220 кВ Лена', 7, 'Иркутская область, г. Усть-Кут, ул. Чернышевского, д.23а'),
(70, 'ПС 220 кВ Лузино', 2, 'Омская обл., Омский р-н, с. Лузино, ул. Транспортная, 19 А'),
(71, 'ПС 220 кВ Маккавеево', 8, 'Забайкальский край,  Читинский р-н, с. Маккавеево'),
(72, 'ПС 220 кВ Междуреченская', 3, '652870, Кемеровская обл., г. Междуреченск, Южный промрайон'),
(73, 'ПС 220 кВ Мельниково', 4, '636131, Томская область, Шегарский район, с.Мельниково, Свердлова улица, д. 1б'),
(74, 'ПС 220 кВ Минусинск-Опорная', 6, 'Красноярский край, Минусинский район, 439 км.автодороги М-54 \"Енисей\", 7'),
(75, 'ПС 220 кВ Московка', 2, '644120, Омская обл., г. Омск, ул. 3-я Ленинградская, 45'),
(76, 'ПС 220 кВ Называевская', 2, 'Омская обл., Называевский р-н, г. Называевск, ул. Энергетиков, 4'),
(77, 'ПС 220 кВ НКАЗ-2', 3, 'Кемеровская обл., г. Новокузнецк, Кузнецкий р-н, ул. Обнорского, 69'),
(78, 'ПС 220 кВ Ново-Красноярская', 5, 'Красноярский край, Емельяновский р-н, п. Солонцы'),
(79, 'ПС 220 кВ Октябрьская', 5, '660041, Красноярский край, г. Красноярск, пр-т Свободный, 81а'),
(80, 'ПС 220 кВ Означенное-районная', 6, '655600, Республика Хакасия, г. Саяногорск, ул. Металлургов, д.13'),
(81, 'ПС 220 кВ Орловка', 4, '636902, Томская область, Тегульдетский район, ЗАТО г. Северск, п. Орловка'),
(82, 'ПС 220 кВ Парабель', 4, '636600, Томская область, Парабельский район, п. Парабель'),
(83, 'ПС 220 кВ Пеледуй', 7, 'Республика Саха, Ленский р-н, п. Пеледуй'),
(84, 'ПС 220 кВ Правобережная', 5, '66079, Красноярский край, г. Красноярск, ул. 60 лет Октября, 126а'),
(85, 'ПС 220 кВ Приангарская', 5, 'Красноярский край, Богучанский р-н,8 км. трассы п. Богучаны - р. Манзя'),
(86, 'ПС 220 кВ Раздолинская', 5, 'Красноярский край, Мотыгинский р-н, п. Раздолинск, ул. Гоголя, 28а'),
(87, 'ПС 220 кВ Раскино', 4, 'Томская область, Александровский р-н, 20 км к югу от с. Прохоркино'),
(88, 'ПС 220 кВ Рассвет', 5, 'Красноярский край, Бирилюсский р он, п.Рассвет, ул. Пром. Зона, 1 '),
(89, 'ПС 220 кВ Светлая', 1, 'Алтайский край, г. Камень-на-Оби, ул. Соляной тракт, 7'),
(90, 'ПС 220 кВ Северная', 8, 'Республика Бурятия, г. Улан-Удэ, ул. Рабочая, 123'),
(91, 'ПС 220 кВ Северный Маганак', 3, 'Кемеровская область, Прокопьевский район, г. Прокопьевск, ул. 2-я Квартальная ,17'),
(92, 'ПС 220 кВ Селендума', 8, 'Республика Бурятия, Селенгинский район,  п. Селендума , ул. Профсоюзная,10'),
(93, 'ПС 220 кВ Советско-Соснинская', 4, 'Томская область, Александровский район'),
(94, 'ПС 220 кВ Сора', 6, 'Республика Хакасия, Усть-Абаканский р-н, 800 м. Северо-Вост. ст. Ербинская'),
(95, 'ПС 220 кВ Тайга', 5, 'Красноярский край, Северо-Енисейский р-н, Новокаламинское участковое лесничество.'),
(96, 'ПС 220 кВ Таксимо', 7, 'Республика Бурятия, Муйский р-н, п. Таксимо, ул. Притрассовая, 16'),
(97, 'ПС 220 кВ Татарская', 2, '632121, Новосибирская обл., г. Татарск, ул. Широкая, 2'),
(98, 'ПС 220 кВ Тея', 6, '655731, Республика Хакасия, Аскизский р-н, п. В-Теи'),
(99, 'ПС 220 кВ Троицкая', 5, 'Красноярский край, Большеулуйский р-н, д. Троицк, ул. Молодежная, 2'),
(101, 'ПС 220 кВ Туим', 6, 'Республика Хакасия, Ширинский р-н, п. Туим, Северо-Зап., вблизи ТЗ ОЦМ'),
(102, 'ПС 220 кВ Туран', 6, 'Республика Тыва, Пий-Хемский кожуун, с. Найырал'),
(103, 'ПС 220 кВ Ужур', 5, 'Красноярский край, Ужурский р-н, г.Ужур, Энергорайон \"Подстанция\", 1а'),
(104, 'ПС 220 кВ Узловая', 5, 'Красноярский край, г. Сосновоборск'),
(105, 'ПС 220 кВ Ульяновская', 2, '644013, Омская обл.,г. Омск, ул. Завертяева, 40, корп. 2'),
(106, 'ПС 220 кВ Холбон', 8, 'Забайкальский край, Шилкинский р-н, п. Холбон'),
(107, 'ПС 220 кВ ЦРП', 5, 'Красноярский край, г. Красноярск, 700 метров северо-восточней промышленной площадки алюминиевого завода ОАО \"КРАЗ\" в районе цеха анодной массы'),
(108, 'ПС 220 кВ Центр', 5, 'Красноярский край, г. Красноярск, район авторынка Северное шоссе'),
(109, 'ПС 220 кВ Чадан', 6, 'Республика Тыва, Барун-Хемчикский р-н,  г. Ак-Довурак, ул. Монгуш Марата, 1'),
(110, 'ПС 220 кВ Чажемто', 4, '636423, Томская область, Колпашевский район, с.Чажемто'),
(111, 'ПС 220 кВ Чапаевка', 4, 'Томская область, Александровский район, с. Чапаевка'),
(112, 'ПС 220 кВ Чара', 7, 'Забайкальский край, Каларский р-н, п. Новая Чара'),
(113, 'ПС 220 кВ Чесноковская', 1, '658087, Алтайский край, г. Новоалтайск, ул. Дорожная, 48'),
(114, 'ПС 220 кВ Чулымская', 1, '632552, Новосибирская обл., г. Чулым, электроподстанция'),
(115, 'ПС 220 кВ Шарыповская', 5, '662320, Красноярский край, Щарыповский р-н, вдоль автодорого Шарыпов-БГРЭС-1'),
(116, 'ПС 220 кВ Шерловогорская', 8, 'Забайкальский край, Борзинский район,  п. Шерловая Гора, ул. Полевая 38'),
(117, 'ПС 220 кВ Шушенская-Опорная', 6, 'Красноярский край , Шушенский район, п. Шушенское, ул. Ленина, 154'),
(118, 'ПС 220 кВ Южная', 1, 'Алтайский край, г. Рубцовск, тракт Веселоряский, 23'),
(119, 'ПС 220 кВ Янчукан', 7, 'Республика Бурятия, Северо-Байкальский р-н, п. Янчукан'),
(120, 'ПС 35 кВ Танзыбей', 6, 'Красноярский край, Ермаковский р-н, п.Танзыбей'),
(121, 'ПС 500 кВ Абаканская', 6, 'Республика Хакасия, Усть-Абаканский р-н'),
(122, 'ПС 500 кВ Алюминиевая', 6, 'Республика Хакасия, Бейский р-н, урочище \"под Николаевкой\"'),
(123, 'ПС 500 кВ Барабинская', 2, '632383, Новосибирская обл., г. Куйбышев, Садовое кольцо, 20'),
(124, 'ПС 500 кВ Барнаульская', 1, 'Алтайский край, Первомайский р-н, 0,6 км. от п. Сибирский'),
(125, 'ПС 500 кВ Восход', 2, 'Омская область, Корниловский район, 6.2 км восточнее п. Корниловка'),
(126, 'ПС 500 кВ Енисей', 5, 'Красноярский край, Емельяновский район, муниципальное образование Солонцовский сельсовет, квартал \"Зеленый угол\", участок №4'),
(127, 'ПС 500 кВ Заря', 1, 'Новосибирская обл., Тогучинский р-н, ст.Восточная'),
(128, 'ПС 500 кВ Иртышская', 2, 'Омская обл., Нововоршавский район, р.п. Большегривское, ул. Энергетиков, 1'),
(129, 'ПС 500 кВ Камала-1', 5, '663690, Красноярский край, г. Зеленогорск, 1-я Промышленная 3'),
(130, 'ПС 500 кВ Красноярская', 5, 'Красноярский край, г. Красноярск, ул. Пограничников, 40и'),
(131, 'ПС 500 кВ Кузбасская', 3, '653204, Кемеровская обл., Прокопьевский р-н, п. Школьный, ул. Кузбасская, 1'),
(132, 'ПС 500 кВ Ново-Анжерская', 3, '652476, Кемеровская обл., г. Анжеро-Судженск, ул. Ново-Анжерская'),
(133, 'ПС 500 кВ Новокузнецкая', 3, '653046, Кемеровская обл., г. Прокопьевск, п. Северный маганак, ул. 2-я Квартальная, 17'),
(134, 'ПС 500 кВ Означенное', 6, '655600, Республика Хакасия, Бейский р-н, 12 км. Западнее г. Саяногорска'),
(135, 'ПС 500 кВ Рубцовская', 1, 'Алтайский край, Рубцовский район, с. Веселоярск'),
(136, 'ПС 500 кВ Тайшет', 7, 'Иркутская область, г. Тайшет, Энергетиков 20'),
(137, 'ПС 500 кВ Таврическая', 2, '646800, Омская обл., Таврический р-н, п. Таврическое'),
(138, 'ПС 500 кВ Томская', 4, '634505, Томская обл., Томский р-н, п. Молодежный'),
(139, 'ПС 500 кВ Усть-Кут', 7, 'Иркутская область, г. Усть-Кут'),
(140, 'ПС 500 кВ Чита', 8, 'Забайкальский край, г. Чита, Черновский р-н, 23 км трассы М55 Чита-Иркутск'),
(141, 'ПС 500 кВ Юрга', 3, 'Кемеровская обл., Юргиский р-н, 20 км. Юго-Западнее г. Юрга'),
(142, 'Раздолинская АТС', 5, 'Красноярский край, Мотыгинский р-н, п. Раздолинск'),
(143, 'РУС Барнаул', 1, '656002, Алтайский край, г. Барнаул, ул. Кулагина, 16'),
(144, 'РУС Кемерово', 3, '650000, Кемеровская обл., г. Кемерово, пр-т Кузнецкий, 30'),
(145, 'РУС Чита', 8, '672090, Забайкальский край, г. Чита, ул. Профсоюзная, 23, ОАО ТГК-14'),
(146, 'САЗ-2', 6, '655600, Республика Хакасия, г. Саяногорск, Промплощадка'),
(147, 'РЭП г. Северобайкальск', 7, 'Республика Бурятия, г. Северобайкальск, ул. Промышленная 17'),
(148, 'Саяно-Шушенская ГЭС', 6, '655619, Республика Хакасия, г. Саяногорск, п. Черёмушки'),
(149, 'Тайшет РЭП', 7, 'Иркутская область, г. Тайшет, 1-я Целинная, 15а'),
(150, 'Томский участок КбПМЭС', 4, '634000, Томская обл., г. Томск, ул. Энергетическая, 1'),
(151, 'Томь-Усинская ГРЭС', 3, '652045, Кемеровская обл., г. Мыски-5, 17 мк-рн'),
(152, 'УС РТК Асино', 4, 'Томская область, г. Асино, ул. Партизанская, 49'),
(153, 'УС РТК Барнаул БМТТС', 1, 'Алтайский край, г. Барнаул, ул. Димитрова, 62а, ПАО \"Ростелеком\"'),
(154, 'УС РТК Каргасок', 4, 'Томская область, п. Каргасок, ул. Голещихина,2'),
(155, 'УС РТК Мельниково', 4, 'Томская область, с. Мельниково, ул. Московская, 21'),
(156, 'УС РТК Парабель', 4, 'Томская область, п. Парабель ул. М. Горького, 42'),
(157, 'УС РТК Саяногорск', 6, 'Республика Хакасия, г. Саяногорск, Енисейский мкрн, д. 2'),
(158, 'УС РТК Томск (Фрунзе)', 4, '634000, Томская обл., г. Томск, ул. Фрунзе, 117а'),
(159, 'УС РТК Томск (Черных)', 4, 'Томская область, г. Томск ул. Черных, 40'),
(160, 'УС Связьтранснефть Барабинск', 2, '632336, Новосибирская обл., г. Барабинск, пер. Гутова, 22'),
(161, 'УС Связьтранснефть Вертикос', 4, 'Томская область, п. Вертикос, ул. Таежная, 20,  РРС-14 Вертикос'),
(162, 'УС Связьтранснефть Завьялово', 4, 'Томская область, Каргасокский район, РРС-13 Завьялово'),
(163, 'УС Связьтранснефть Раскино', 4, 'Томская область, Александровский район, РРС-15 Раскино'),
(164, 'УС Связьтранснефть Сокур', 1, '633124, Новосибирская обл., Мошковский р-н, с.Сокур, ул. Промышленная, 9'),
(165, 'УС Связьтранснефть Чапаевка', 4, 'Томская область, РРС-17 \"Чапаевка\"'),
(166, 'Хакасское ПМЭС', 6, 'Республика Хакасия, г. Саяногорск, ул. Индустриальная, 39а'),
(167, 'Хакасское РДУ', 6, 'Республика Хакасия, г. Абакан, ул. Пушкина, 74'),
(168, 'Харанорская ГРЭС', 8, 'Забайкальский край, Оловяннинский район, п. Ясногорск'),
(169, 'Читинская ТЭЦ-1', 8, 'Забайкальский край, г. Чита, Энергостроителей пр-зд, д.1,'),
(100, 'ПС 220 кВ Троицкая (ЗСПМЭС)', 1, 'Алтайский край, с. Троицкое, ул.Промышленная, д.23а');

-- --------------------------------------------------------

--
-- Структура таблицы `personel`
--

CREATE TABLE `personel` (
  `id` int(11) NOT NULL,
  `name` char(255) CHARACTER SET utf8 COLLATE utf8_general_ci NOT NULL,
  `patronimicname` char(255) CHARACTER SET utf8 COLLATE utf8_general_ci NOT NULL,
  `surname` char(255) CHARACTER SET utf8 COLLATE utf8_general_ci NOT NULL,
  `personnel_number` smallint(4) DEFAULT NULL,
  `position_id` char(255) CHARACTER SET utf8 COLLATE utf8_general_ci DEFAULT NULL,
  `subdivision_id` int(11) NOT NULL,
  `id_role` tinyint(4) NOT NULL,
  `passport` tinyint(4) DEFAULT NULL,
  `date_passport` date DEFAULT NULL,
  `registration` varchar(255) CHARACTER SET utf8 COLLATE utf8_general_ci DEFAULT NULL,
  `inn` tinyint(4) DEFAULT NULL,
  `birth` date DEFAULT NULL
) ENGINE=InnoDB DEFAULT CHARSET=utf8;

--
-- Дамп данных таблицы `personel`
--

INSERT INTO `personel` (`id`, `name`, `patronimicname`, `surname`, `personnel_number`, `position_id`, `subdivision_id`, `id_role`, `passport`, `date_passport`, `registration`, `inn`, `birth`) VALUES
(1, 'Павел', 'Владимирович', 'Ковчин', 783, '1', 1, 1, NULL, NULL, NULL, NULL, NULL),
(2, 'Ирина', 'Сергеевна', 'Донцова', 388, '2', 2, 2, NULL, NULL, NULL, NULL, NULL),
(3, 'Павел', 'Юрьевич', 'Макаров', 785, '2', 3, 2, NULL, NULL, NULL, NULL, NULL),
(4, 'Ольга', 'Анатольевна', 'Киселева', 854, '4', 4, 2, NULL, NULL, NULL, NULL, NULL),
(5, 'Ольга', 'Игорьевна', 'Кондрасенко', 1769, '5', 2, 4, NULL, NULL, NULL, NULL, NULL),
(6, 'Алексей', 'Петрович', 'Дафт', 1790, '3', 3, 3, NULL, NULL, NULL, NULL, NULL),
(7, 'Максим', 'Николаевич', 'Копп', 966, '3', 3, 3, NULL, NULL, NULL, NULL, NULL),
(8, 'Семен', 'Федорович', 'Семенов', 1645, '3', 3, 3, NULL, NULL, NULL, NULL, NULL),
(9, 'Раиса', 'Максимовна', 'Сукнева', 1647, '5', 2, 6, NULL, NULL, NULL, NULL, NULL),
(11, 'Василий', 'Михайлович', 'Дронык', 1770, '5', 2, 7, NULL, NULL, NULL, NULL, NULL),
(12, 'Алексей', 'Владимирович', 'Юрчелло', 1270, '5', 2, 8, NULL, NULL, NULL, NULL, NULL),
(13, 'Кэскил', 'Александрович', 'Николаев', 1776, '5', 2, 9, NULL, NULL, NULL, NULL, NULL),
(14, 'Василий', 'Владимирович', 'Смуглов', 794, '5', 2, 10, NULL, NULL, NULL, NULL, NULL),
(15, 'Игорь', 'Александрович', 'Фитисов', 1820, '5', 2, 11, NULL, NULL, NULL, NULL, NULL);

-- --------------------------------------------------------

--
-- Структура таблицы `position`
--

CREATE TABLE `position` (
  `id` int(11) NOT NULL,
  `position` char(255) NOT NULL
) ENGINE=InnoDB DEFAULT CHARSET=utf8;

--
-- Дамп данных таблицы `position`
--

INSERT INTO `position` (`id`, `position`) VALUES
(1, 'Начальник службы'),
(2, 'Руководитель группы'),
(3, 'Главный эксперт'),
(4, 'Ведущий эксперт'),
(5, 'Главный специалист');

-- --------------------------------------------------------

--
-- Структура таблицы `role`
--

CREATE TABLE `role` (
  `id` int(11) NOT NULL,
  `name` varchar(50) NOT NULL
) ENGINE=InnoDB DEFAULT CHARSET=utf8mb4 COLLATE=utf8mb4_0900_ai_ci;

--
-- Дамп данных таблицы `role`
--

INSERT INTO `role` (`id`, `name`) VALUES
(1, 'Руководитель'),
(2, 'Зам'),
(3, 'Эксперты'),
(4, 'ВКС'),
(5, 'ЭРГ'),
(6, 'Подменный'),
(7, '1 смена'),
(8, '2 смена'),
(9, '3 смена'),
(10, '4 смена'),
(11, '5 смена');

-- --------------------------------------------------------

--
-- Структура таблицы `schedule`
--

CREATE TABLE `schedule` (
  `id` int(100) UNSIGNED NOT NULL,
  `obj_id` int(5) UNSIGNED NOT NULL,
  `erg_id` int(2) UNSIGNED NOT NULL,
  `day` int(2) UNSIGNED NOT NULL DEFAULT '0',
  `month` int(2) UNSIGNED NOT NULL,
  `year` int(4) NOT NULL,
  `status` int(1) UNSIGNED NOT NULL DEFAULT '0'
) ENGINE=MyISAM DEFAULT CHARSET=utf8;

--
-- Дамп данных таблицы `schedule`
--

INSERT INTO `schedule` (`id`, `obj_id`, `erg_id`, `day`, `month`, `year`, `status`) VALUES
(1, 141, 3, 0, 3, 2019, 0),
(769, 129, 5, 28, 5, 2019, 1),
(3, 141, 3, 0, 9, 2019, 0),
(4, 141, 3, 0, 12, 2019, 0),
(5, 132, 3, 0, 2, 2019, 0),
(754, 132, 3, 11, 6, 2019, 1),
(7, 132, 3, 13, 8, 2019, 0),
(8, 132, 3, 0, 11, 2019, 0),
(9, 27, 3, 0, 2, 2019, 0),
(10, 27, 3, 21, 5, 2019, 1),
(11, 27, 3, 2, 8, 2019, 0),
(12, 27, 3, 0, 11, 2019, 0),
(13, 38, 3, 0, 3, 2019, 0),
(14, 38, 3, 6, 6, 2019, 1),
(15, 38, 3, 0, 9, 2019, 0),
(16, 38, 3, 0, 12, 2019, 0),
(724, 2, 3, 0, 12, 2019, 0),
(705, 2, 3, 0, 9, 2019, 0),
(704, 2, 3, 4, 6, 2019, 1),
(703, 2, 3, 0, 3, 2019, 0),
(21, 58, 3, 0, 3, 2019, 0),
(756, 58, 3, 8, 5, 2019, 1),
(23, 58, 3, 0, 9, 2019, 0),
(24, 58, 3, 0, 12, 2019, 0),
(25, 53, 3, 0, 2, 2019, 0),
(26, 53, 3, 22, 5, 2019, 1),
(27, 53, 3, 2, 8, 2019, 0),
(28, 53, 3, 0, 11, 2019, 0),
(29, 144, 3, 0, 1, 2019, 0),
(30, 144, 3, 11, 4, 2019, 0),
(31, 144, 3, 11, 7, 2019, 0),
(32, 144, 3, 0, 10, 2019, 0),
(33, 131, 3, 0, 2, 2019, 0),
(34, 131, 3, 0, 4, 2019, 0),
(35, 131, 3, 3, 7, 2019, 1),
(36, 131, 3, 0, 10, 2019, 0),
(37, 11, 3, 0, 1, 2019, 0),
(38, 11, 3, 0, 4, 2019, 0),
(39, 11, 3, 12, 7, 2019, 0),
(40, 11, 3, 0, 10, 2019, 0),
(41, 65, 3, 0, 2, 2019, 0),
(755, 65, 3, 10, 6, 2019, 1),
(43, 65, 3, 12, 8, 2019, 0),
(44, 65, 3, 0, 11, 2019, 0),
(45, 133, 3, 0, 3, 2019, 0),
(46, 133, 3, 14, 6, 2019, 1),
(47, 133, 3, 0, 9, 2019, 0),
(48, 133, 3, 0, 12, 2019, 0),
(49, 77, 3, 0, 2, 2019, 0),
(50, 77, 3, 16, 5, 2019, 1),
(51, 77, 3, 9, 8, 2019, 0),
(52, 77, 3, 0, 11, 2019, 0),
(53, 56, 3, 0, 2, 2019, 0),
(54, 56, 3, 15, 5, 2019, 1),
(55, 56, 3, 8, 8, 2019, 0),
(56, 56, 3, 0, 11, 2019, 0),
(57, 151, 3, 0, 3, 2019, 0),
(58, 151, 3, 7, 6, 2019, 1),
(59, 151, 3, 0, 9, 2019, 0),
(60, 151, 3, 0, 12, 2019, 0),
(61, 72, 3, 0, 1, 2019, 0),
(62, 72, 3, 0, 4, 2019, 0),
(63, 72, 3, 4, 7, 2019, 1),
(64, 72, 3, 0, 10, 2019, 0),
(65, 64, 3, 0, 3, 2019, 0),
(66, 64, 3, 3, 6, 2019, 1),
(67, 64, 3, 0, 9, 2019, 0),
(68, 64, 3, 0, 12, 2019, 0),
(69, 49, 3, 0, 3, 2019, 0),
(70, 49, 3, 7, 6, 2019, 1),
(71, 49, 3, 0, 9, 2019, 0),
(72, 49, 3, 0, 12, 2019, 0),
(73, 91, 3, 0, 3, 2019, 0),
(74, 91, 3, 14, 6, 2019, 1),
(75, 91, 3, 0, 9, 2019, 0),
(76, 91, 3, 0, 12, 2019, 0),
(77, 88, 5, 0, 2, 2019, 0),
(78, 88, 5, 17, 6, 2019, 1),
(79, 88, 5, 16, 9, 2019, 0),
(80, 88, 5, 0, 12, 2019, 0),
(81, 100, 1, 0, 2, 2019, 0),
(82, 100, 1, 6, 6, 2019, 1),
(83, 100, 1, 12, 9, 2019, 0),
(84, 100, 1, 0, 12, 2019, 0),
(85, 16, 5, 0, 2, 2019, 0),
(86, 16, 5, 18, 6, 2019, 1),
(87, 16, 5, 17, 9, 2019, 0),
(88, 16, 5, 4, 12, 2019, 0),
(89, 40, 5, 0, 2, 2019, 0),
(90, 40, 5, 19, 6, 2019, 1),
(91, 40, 5, 18, 9, 2019, 0),
(92, 40, 5, 0, 12, 2019, 0),
(93, 115, 5, 0, 2, 2019, 0),
(94, 115, 5, 20, 6, 2019, 1),
(95, 115, 5, 19, 9, 2019, 0),
(96, 115, 5, 0, 12, 2019, 0),
(97, 30, 5, 0, 2, 2019, 0),
(98, 30, 5, 21, 6, 2019, 1),
(99, 30, 5, 20, 9, 2019, 0),
(100, 30, 5, 0, 12, 2019, 0),
(101, 26, 5, 0, 2, 2019, 0),
(102, 26, 5, 25, 6, 2019, 1),
(103, 26, 5, 23, 9, 2019, 0),
(104, 26, 5, 0, 12, 2019, 0),
(105, 103, 5, 0, 2, 2019, 0),
(106, 103, 5, 24, 6, 2019, 1),
(107, 103, 5, 24, 9, 2019, 0),
(108, 103, 5, 0, 12, 2019, 0),
(109, 63, 5, 0, 2, 2019, 0),
(110, 63, 5, 26, 6, 2019, 1),
(111, 63, 5, 25, 9, 2019, 0),
(112, 63, 5, 0, 12, 2019, 0),
(113, 126, 5, 0, 1, 2019, 0),
(114, 126, 5, 0, 4, 2019, 0),
(115, 126, 5, 1, 7, 2019, 1),
(116, 126, 5, 0, 10, 2019, 0),
(117, 59, 5, 0, 1, 2019, 0),
(118, 59, 5, 0, 4, 2019, 0),
(119, 59, 5, 1, 7, 2019, 1),
(120, 59, 5, 0, 10, 2019, 0),
(121, 130, 5, 0, 1, 2019, 0),
(122, 130, 5, 0, 4, 2019, 0),
(123, 130, 5, 2, 7, 2019, 1),
(124, 130, 5, 0, 10, 2019, 0),
(125, 10, 5, 0, 3, 2019, 0),
(126, 10, 5, 0, 4, 2019, 0),
(127, 10, 5, 4, 7, 2019, 1),
(128, 10, 5, 0, 10, 2019, 0),
(129, 68, 5, 0, 1, 2019, 0),
(130, 68, 5, 0, 4, 2019, 0),
(131, 68, 5, 3, 7, 2019, 1),
(132, 68, 5, 0, 10, 2019, 0),
(133, 54, 5, 0, 1, 2019, 0),
(134, 54, 5, 0, 4, 2019, 0),
(135, 54, 5, 5, 7, 2019, 1),
(136, 54, 5, 0, 10, 2019, 0),
(137, 78, 5, 0, 1, 2019, 0),
(138, 78, 5, 0, 4, 2019, 0),
(139, 78, 5, 4, 7, 2019, 1),
(140, 78, 5, 0, 10, 2019, 0),
(141, 50, 5, 0, 1, 2019, 0),
(142, 50, 5, 0, 4, 2019, 0),
(143, 50, 5, 10, 7, 2019, 0),
(144, 50, 5, 0, 10, 2019, 0),
(145, 107, 5, 0, 1, 2019, 0),
(146, 107, 5, 0, 4, 2019, 0),
(147, 107, 5, 2, 7, 2019, 1),
(148, 107, 5, 0, 10, 2019, 0),
(149, 108, 5, 0, 1, 2019, 0),
(150, 108, 5, 0, 4, 2019, 0),
(151, 108, 5, 4, 7, 2019, 1),
(152, 108, 5, 0, 10, 2019, 0),
(153, 84, 5, 0, 1, 2019, 0),
(154, 84, 5, 0, 4, 2019, 0),
(155, 84, 5, 9, 7, 2019, 1),
(156, 84, 5, 0, 10, 2019, 0),
(157, 79, 5, 0, 1, 2019, 0),
(158, 79, 5, 0, 4, 2019, 0),
(159, 79, 5, 3, 7, 2019, 1),
(160, 79, 5, 0, 10, 2019, 0),
(161, 48, 5, 0, 1, 2019, 0),
(162, 48, 5, 0, 4, 2019, 0),
(163, 48, 5, 8, 7, 2019, 1),
(164, 48, 5, 0, 10, 2019, 0),
(165, 24, 5, 0, 1, 2019, 0),
(166, 24, 5, 0, 4, 2019, 0),
(167, 24, 5, 11, 7, 2019, 0),
(168, 24, 5, 0, 10, 2019, 0),
(169, 9, 5, 0, 1, 2019, 0),
(170, 9, 5, 0, 4, 2019, 0),
(171, 9, 5, 5, 7, 2019, 1),
(172, 9, 5, 0, 10, 2019, 0),
(173, 104, 5, 0, 1, 2019, 0),
(174, 104, 5, 0, 4, 2019, 0),
(175, 104, 5, 23, 7, 2019, 0),
(176, 104, 5, 0, 10, 2019, 0),
(177, 129, 5, 0, 1, 2019, 0),
(898, 83, 7, 0, 12, 2019, 0),
(179, 129, 5, 25, 7, 2019, 0),
(180, 129, 5, 0, 10, 2019, 0),
(181, 45, 5, 0, 1, 2019, 0),
(182, 45, 5, 0, 4, 2019, 0),
(183, 45, 5, 24, 7, 2019, 0),
(184, 45, 5, 0, 10, 2019, 0),
(185, 142, 5, 0, 3, 2019, 0),
(186, 142, 5, 13, 5, 2019, 1),
(187, 142, 5, 6, 8, 2019, 0),
(188, 142, 5, 0, 11, 2019, 0),
(189, 86, 5, 0, 3, 2019, 0),
(190, 86, 5, 13, 5, 2019, 1),
(191, 86, 5, 6, 8, 2019, 0),
(192, 86, 5, 0, 11, 2019, 0),
(193, 6, 5, 0, 3, 2019, 0),
(673, 6, 5, 16, 5, 2019, 1),
(195, 6, 5, 7, 8, 2019, 0),
(196, 6, 5, 0, 11, 2019, 0),
(197, 12, 5, 0, 3, 2019, 0),
(198, 12, 5, 14, 5, 2019, 1),
(199, 12, 5, 8, 8, 2019, 0),
(200, 12, 5, 0, 11, 2019, 0),
(201, 13, 5, 0, 3, 2019, 0),
(202, 13, 5, 14, 5, 2019, 1),
(203, 13, 5, 8, 8, 2019, 0),
(204, 13, 5, 0, 11, 2019, 0),
(205, 33, 5, 0, 3, 2019, 0),
(206, 33, 5, 15, 5, 2019, 1),
(207, 33, 5, 9, 8, 2019, 0),
(208, 33, 5, 0, 11, 2019, 0),
(209, 4, 5, 0, 3, 2019, 0),
(210, 4, 5, 4, 6, 2019, 1),
(211, 4, 5, 20, 8, 2019, 0),
(212, 4, 5, 0, 11, 2019, 0),
(213, 85, 5, 0, 3, 2019, 0),
(214, 85, 5, 4, 6, 2019, 1),
(215, 85, 5, 20, 8, 2019, 0),
(216, 85, 5, 0, 11, 2019, 0),
(217, 61, 5, 0, 3, 2019, 0),
(218, 61, 5, 6, 6, 2019, 1),
(219, 61, 5, 21, 8, 2019, 0),
(220, 61, 5, 0, 11, 2019, 0),
(903, 3, 5, 0, 3, 2019, 0),
(222, 3, 5, 6, 6, 2019, 1),
(902, 3, 5, 0, 8, 2019, 0),
(224, 3, 5, 0, 11, 2019, 0),
(225, 95, 5, 0, 3, 2019, 0),
(226, 95, 5, 22, 5, 2019, 1),
(227, 95, 5, 14, 8, 2019, 0),
(228, 95, 5, 0, 11, 2019, 0),
(229, 164, 1, 30, 1, 2019, 0),
(230, 164, 1, 20, 5, 2019, 1),
(231, 164, 1, 15, 7, 2019, 0),
(232, 164, 1, 0, 10, 2019, 0),
(233, 114, 1, 0, 3, 2019, 0),
(234, 114, 1, 25, 6, 2019, 1),
(235, 114, 1, 19, 9, 2019, 0),
(236, 114, 1, 0, 11, 2019, 0),
(237, 17, 1, 0, 3, 2019, 0),
(238, 17, 1, 24, 6, 2019, 1),
(239, 17, 1, 20, 9, 2019, 0),
(240, 17, 1, 0, 11, 2019, 0),
(241, 44, 1, 18, 2, 2019, 0),
(242, 44, 1, 0, 4, 2019, 0),
(243, 44, 1, 21, 8, 2019, 0),
(244, 44, 1, 0, 11, 2019, 0),
(245, 18, 1, 18, 2, 2019, 0),
(246, 18, 1, 0, 4, 2019, 0),
(247, 18, 1, 20, 8, 2019, 0),
(248, 18, 1, 0, 11, 2019, 0),
(249, 127, 1, 19, 2, 2019, 0),
(250, 127, 1, 0, 4, 2019, 0),
(251, 127, 1, 22, 8, 2019, 0),
(252, 127, 1, 0, 11, 2019, 0),
(253, 29, 1, 0, 3, 2019, 0),
(254, 29, 1, 3, 6, 2019, 1),
(255, 29, 1, 9, 9, 2019, 0),
(256, 29, 1, 0, 12, 2019, 0),
(257, 124, 1, 0, 3, 2019, 0),
(258, 124, 1, 4, 6, 2019, 1),
(259, 124, 1, 10, 9, 2019, 0),
(260, 124, 1, 0, 12, 2019, 0),
(261, 113, 1, 0, 3, 2019, 0),
(262, 113, 1, 4, 6, 2019, 1),
(263, 113, 1, 10, 9, 2019, 0),
(264, 113, 1, 0, 12, 2019, 0),
(265, 143, 1, 6, 2, 2019, 0),
(266, 143, 1, 0, 4, 2019, 0),
(267, 143, 1, 14, 8, 2019, 0),
(268, 143, 1, 0, 10, 2019, 0),
(269, 8, 1, 7, 2, 2019, 0),
(270, 8, 1, 0, 4, 2019, 0),
(271, 8, 1, 14, 8, 2019, 0),
(272, 8, 1, 0, 10, 2019, 0),
(273, 89, 1, 0, 3, 2019, 0),
(274, 89, 1, 13, 6, 2019, 1),
(275, 89, 1, 16, 9, 2019, 0),
(276, 89, 1, 0, 12, 2019, 0),
(277, 42, 1, 0, 3, 2019, 0),
(278, 42, 1, 6, 6, 2019, 1),
(279, 42, 1, 11, 9, 2019, 0),
(280, 42, 1, 0, 12, 2019, 0),
(281, 99, 5, 0, 3, 2019, 0),
(282, 99, 5, 17, 6, 2019, 1),
(283, 99, 5, 16, 9, 2019, 0),
(284, 99, 5, 0, 12, 2019, 0),
(285, 39, 1, 0, 3, 2019, 0),
(286, 39, 1, 6, 6, 2019, 1),
(287, 39, 1, 12, 9, 2019, 0),
(288, 39, 1, 0, 12, 2019, 0),
(289, 153, 1, 5, 2, 2019, 0),
(290, 153, 1, 0, 4, 2019, 0),
(291, 153, 1, 13, 8, 2019, 0),
(292, 153, 1, 0, 10, 2019, 0),
(293, 118, 1, 0, 3, 2019, 0),
(294, 118, 1, 18, 6, 2019, 1),
(295, 118, 1, 24, 9, 2019, 0),
(296, 118, 1, 0, 12, 2019, 0),
(297, 135, 1, 0, 3, 2019, 0),
(298, 135, 1, 18, 6, 2019, 1),
(299, 135, 1, 24, 9, 2019, 0),
(300, 135, 1, 0, 12, 2019, 0),
(301, 46, 1, 0, 3, 2019, 0),
(302, 46, 1, 19, 6, 2019, 1),
(303, 46, 1, 25, 9, 2019, 0),
(749, 46, 1, 0, 12, 2019, 0),
(305, 76, 2, 0, 2, 2019, 0),
(306, 76, 2, 0, 4, 2019, 0),
(307, 76, 2, 6, 8, 2019, 0),
(308, 76, 2, 0, 10, 2019, 0),
(309, 70, 2, 0, 1, 2019, 0),
(310, 70, 2, 0, 4, 2019, 0),
(311, 70, 2, 15, 8, 2019, 0),
(312, 70, 2, 0, 12, 2019, 0),
(313, 137, 2, 0, 3, 2019, 0),
(314, 137, 2, 19, 6, 2019, 1),
(315, 137, 2, 11, 9, 2019, 0),
(316, 137, 2, 0, 11, 2019, 0),
(317, 25, 2, 0, 3, 2019, 0),
(318, 25, 2, 24, 6, 2019, 1),
(319, 25, 2, 23, 9, 2019, 0),
(320, 25, 2, 0, 11, 2019, 0),
(321, 97, 2, 0, 3, 2019, 0),
(322, 97, 2, 26, 6, 2019, 1),
(323, 97, 2, 24, 9, 2019, 0),
(324, 97, 2, 0, 11, 2019, 0),
(325, 123, 2, 0, 3, 2019, 0),
(326, 123, 2, 25, 6, 2019, 1),
(327, 123, 2, 25, 9, 2019, 0),
(328, 123, 2, 0, 11, 2019, 0),
(692, 1, 2, 0, 3, 2019, 0),
(693, 1, 2, 25, 6, 2019, 1),
(694, 1, 2, 26, 9, 2019, 0),
(333, 160, 2, 0, 3, 2019, 0),
(334, 160, 2, 26, 6, 2019, 1),
(335, 160, 2, 27, 9, 2019, 0),
(336, 160, 2, 0, 11, 2019, 0),
(337, 75, 2, 0, 3, 2019, 0),
(338, 75, 2, 18, 6, 2019, 1),
(339, 75, 2, 10, 9, 2019, 0),
(340, 75, 2, 0, 11, 2019, 0),
(341, 22, 2, 0, 1, 2019, 0),
(342, 22, 2, 20, 5, 2019, 1),
(343, 22, 2, 20, 8, 2019, 0),
(344, 22, 2, 0, 12, 2019, 0),
(345, 23, 2, 0, 1, 2019, 0),
(346, 23, 2, 21, 5, 2019, 1),
(347, 23, 2, 21, 8, 2019, 0),
(348, 23, 2, 0, 10, 2019, 0),
(349, 105, 2, 0, 3, 2019, 0),
(350, 105, 2, 17, 6, 2019, 1),
(351, 105, 2, 9, 9, 2019, 0),
(352, 105, 2, 0, 11, 2019, 0),
(353, 21, 2, 0, 2, 2019, 0),
(354, 21, 2, 16, 5, 2019, 1),
(355, 21, 2, 4, 9, 2019, 0),
(356, 21, 2, 0, 12, 2019, 0),
(357, 52, 2, 0, 3, 2019, 0),
(358, 52, 2, 11, 6, 2019, 1),
(359, 52, 2, 17, 9, 2019, 0),
(360, 52, 2, 0, 11, 2019, 0),
(361, 125, 2, 0, 3, 2019, 0),
(362, 125, 2, 20, 6, 2019, 1),
(363, 125, 2, 12, 9, 2019, 0),
(364, 125, 2, 0, 11, 2019, 0),
(365, 128, 2, 0, 2, 2019, 0),
(366, 128, 2, 13, 6, 2019, 1),
(367, 128, 2, 13, 8, 2019, 0),
(368, 128, 2, 0, 10, 2019, 0),
(369, 5, 7, 0, 2, 2019, 0),
(370, 5, 7, 23, 5, 2019, 1),
(371, 5, 7, 8, 8, 2019, 0),
(768, 5, 7, 0, 11, 2019, 0),
(373, 28, 7, 0, 2, 2019, 0),
(374, 28, 7, 22, 5, 2019, 1),
(375, 28, 7, 7, 8, 2019, 0),
(376, 28, 7, 0, 11, 2019, 0),
(377, 35, 7, 0, 3, 2019, 0),
(763, 69, 7, 17, 5, 2019, 1),
(891, 35, 7, 15, 8, 2019, 0),
(380, 35, 7, 0, 12, 2019, 0),
(381, 60, 7, 0, 3, 2019, 0),
(762, 60, 7, 15, 5, 2019, 1),
(892, 60, 7, 13, 8, 2019, 0),
(384, 60, 7, 0, 12, 2019, 0),
(385, 62, 7, 0, 2, 2019, 0),
(386, 62, 7, 24, 5, 2019, 1),
(387, 62, 7, 9, 8, 2019, 0),
(388, 62, 7, 0, 11, 2019, 0),
(393, 149, 7, 0, 2, 2019, 0),
(394, 149, 7, 20, 5, 2019, 1),
(395, 149, 7, 5, 8, 2019, 0),
(396, 149, 7, 0, 11, 2019, 0),
(397, 119, 7, 0, 1, 2019, 0),
(398, 119, 7, 0, 4, 2019, 0),
(399, 119, 7, 26, 7, 2019, 0),
(400, 119, 7, 0, 10, 2019, 0),
(401, 147, 7, 0, 3, 2019, 0),
(765, 145, 8, 24, 5, 2019, 1),
(894, 147, 7, 19, 8, 2019, 0),
(404, 147, 7, 0, 12, 2019, 0),
(405, 136, 7, 0, 2, 2019, 0),
(406, 136, 7, 21, 5, 2019, 1),
(407, 136, 7, 6, 8, 2019, 0),
(408, 136, 7, 0, 11, 2019, 0),
(409, 96, 7, 0, 1, 2019, 0),
(410, 96, 7, 0, 4, 2019, 0),
(411, 96, 7, 24, 7, 2019, 0),
(412, 96, 7, 0, 10, 2019, 0),
(413, 66, 7, 0, 1, 2019, 0),
(414, 66, 7, 0, 4, 2019, 0),
(415, 66, 7, 22, 7, 2019, 0),
(416, 66, 7, 0, 10, 2019, 0),
(417, 112, 7, 0, 1, 2019, 0),
(418, 112, 7, 0, 4, 2019, 0),
(419, 112, 7, 18, 7, 2019, 0),
(420, 112, 7, 0, 10, 2019, 0),
(421, 138, 4, 0, 3, 2019, 0),
(422, 138, 4, 0, 4, 2019, 0),
(423, 138, 4, 13, 8, 2019, 0),
(424, 138, 4, 0, 10, 2019, 0),
(425, 150, 4, 0, 1, 2019, 0),
(426, 150, 4, 24, 5, 2019, 1),
(427, 150, 4, 17, 7, 2019, 0),
(428, 150, 4, 0, 10, 2019, 0),
(429, 43, 4, 0, 3, 2019, 0),
(430, 43, 4, 13, 6, 2019, 1),
(431, 43, 4, 0, 9, 2019, 0),
(432, 43, 4, 0, 11, 2019, 0),
(433, 47, 4, 0, 1, 2019, 0),
(434, 47, 4, 31, 5, 2019, 1),
(435, 47, 4, 19, 8, 2019, 0),
(436, 47, 4, 0, 11, 2019, 0),
(437, 156, 4, 0, 3, 2019, 0),
(438, 156, 4, 7, 5, 2019, 1),
(439, 156, 4, 6, 8, 2019, 0),
(440, 156, 4, 0, 11, 2019, 0),
(441, 82, 4, 0, 2, 2019, 0),
(442, 82, 4, 0, 4, 2019, 0),
(443, 82, 4, 16, 8, 2019, 0),
(444, 82, 4, 0, 10, 2019, 0),
(445, 110, 4, 0, 2, 2019, 0),
(446, 110, 4, 17, 5, 2019, 1),
(447, 110, 4, 27, 8, 2019, 0),
(448, 110, 4, 0, 11, 2019, 0),
(449, 36, 4, 0, 2, 2019, 0),
(450, 36, 4, 0, 4, 2019, 0),
(451, 36, 4, 0, 9, 2019, 0),
(452, 36, 4, 0, 12, 2019, 0),
(453, 152, 4, 0, 2, 2019, 0),
(454, 152, 4, 0, 4, 2019, 0),
(455, 152, 4, 0, 9, 2019, 0),
(456, 152, 4, 0, 12, 2019, 0),
(457, 57, 4, 0, 2, 2019, 0),
(458, 57, 4, 0, 4, 2019, 0),
(459, 57, 4, 26, 7, 2019, 0),
(460, 57, 4, 0, 10, 2019, 0),
(461, 154, 4, 0, 3, 2019, 0),
(462, 154, 4, 0, 4, 2019, 0),
(463, 154, 4, 19, 7, 2019, 0),
(464, 154, 4, 0, 10, 2019, 0),
(465, 73, 4, 0, 3, 2019, 0),
(466, 73, 4, 24, 6, 2019, 1),
(467, 73, 4, 0, 9, 2019, 0),
(468, 73, 4, 0, 12, 2019, 0),
(469, 155, 4, 0, 3, 2019, 0),
(470, 155, 4, 6, 6, 2019, 1),
(471, 155, 4, 0, 9, 2019, 0),
(472, 155, 4, 0, 12, 2019, 0),
(473, 81, 4, 0, 1, 2019, 0),
(474, 81, 4, 31, 5, 2019, 1),
(475, 81, 4, 20, 8, 2019, 0),
(476, 81, 4, 0, 11, 2019, 0),
(477, 51, 4, 0, 2, 2019, 0),
(478, 51, 4, 14, 6, 2019, 1),
(479, 51, 4, 0, 9, 2019, 0),
(480, 51, 4, 0, 12, 2019, 0),
(481, 55, 4, 0, 3, 2019, 0),
(482, 55, 4, 31, 5, 2019, 1),
(483, 55, 4, 21, 8, 2019, 0),
(484, 55, 4, 0, 11, 2019, 0),
(485, 41, 4, 0, 2, 2019, 0),
(486, 41, 4, 17, 5, 2019, 1),
(487, 41, 4, 26, 8, 2019, 0),
(488, 41, 4, 0, 11, 2019, 0),
(489, 87, 4, 0, 2, 2019, 0),
(490, 87, 4, 7, 5, 2019, 1),
(491, 87, 4, 5, 8, 2019, 0),
(492, 87, 4, 0, 11, 2019, 0),
(493, 111, 4, 0, 2, 2019, 0),
(494, 111, 4, 0, 4, 2019, 0),
(495, 111, 4, 25, 7, 2019, 0),
(496, 111, 4, 0, 10, 2019, 0),
(497, 93, 4, 0, 2, 2019, 0),
(498, 93, 4, 19, 6, 2019, 1),
(499, 93, 4, 0, 9, 2019, 0),
(500, 93, 4, 0, 12, 2019, 0),
(501, 158, 4, 0, 1, 2019, 0),
(502, 158, 4, 27, 6, 2019, 1),
(503, 158, 4, 24, 7, 2019, 0),
(504, 158, 4, 0, 10, 2019, 0),
(505, 159, 4, 0, 1, 2019, 0),
(506, 159, 4, 27, 6, 2019, 1),
(507, 159, 4, 20, 7, 2019, 0),
(508, 159, 4, 0, 10, 2019, 0),
(509, 161, 4, 0, 3, 2019, 0),
(510, 161, 4, 25, 6, 2019, 1),
(511, 161, 4, 0, 9, 2019, 0),
(512, 161, 4, 0, 11, 2019, 0),
(513, 162, 4, 0, 3, 2019, 0),
(514, 162, 4, 14, 6, 2019, 1),
(515, 162, 4, 0, 9, 2019, 0),
(516, 162, 4, 0, 12, 2019, 0),
(517, 163, 4, 0, 3, 2019, 0),
(518, 163, 4, 0, 4, 2019, 0),
(519, 163, 4, 15, 8, 2019, 0),
(520, 163, 4, 0, 10, 2019, 0),
(521, 165, 4, 0, 3, 2019, 0),
(522, 165, 4, 0, 4, 2019, 0),
(523, 165, 4, 29, 7, 2019, 0),
(524, 165, 4, 0, 10, 2019, 0),
(525, 98, 6, 0, 3, 2019, 0),
(526, 98, 6, 17, 6, 2019, 1),
(527, 98, 6, 11, 9, 2019, 0),
(528, 98, 6, 6, 12, 2019, 0),
(529, 37, 6, 0, 3, 2019, 0),
(530, 37, 6, 18, 6, 2019, 1),
(531, 37, 6, 11, 9, 2019, 0),
(532, 37, 6, 6, 12, 2019, 0),
(533, 121, 6, 0, 2, 2019, 0),
(534, 121, 6, 22, 5, 2019, 1),
(535, 121, 6, 21, 8, 2019, 0),
(536, 121, 6, 20, 11, 2019, 0),
(537, 32, 6, 1, 2, 2019, 0),
(538, 32, 6, 22, 5, 2019, 1),
(539, 32, 6, 21, 8, 2019, 0),
(540, 32, 6, 20, 11, 2019, 0),
(541, 14, 6, 0, 2, 2019, 0),
(732, 14, 6, 24, 5, 2019, 1),
(543, 14, 6, 22, 8, 2019, 0),
(544, 14, 6, 21, 11, 2019, 0),
(545, 94, 6, 0, 3, 2019, 0),
(546, 94, 6, 27, 6, 2019, 1),
(547, 94, 6, 20, 9, 2019, 0),
(548, 94, 6, 13, 12, 2019, 0),
(549, 101, 6, 0, 3, 2019, 0),
(550, 101, 6, 21, 6, 2019, 1),
(551, 101, 6, 25, 9, 2019, 0),
(552, 101, 6, 18, 12, 2019, 0),
(553, 122, 6, 0, 2, 2019, 0),
(554, 122, 6, 15, 5, 2019, 1),
(555, 122, 6, 7, 8, 2019, 0),
(556, 122, 6, 6, 11, 2019, 0),
(557, 146, 6, 0, 1, 2019, 0),
(558, 146, 6, 0, 4, 2019, 0),
(559, 146, 6, 10, 7, 2019, 0),
(560, 146, 6, 10, 10, 2019, 0),
(561, 166, 6, 0, 1, 2019, 0),
(562, 166, 6, 0, 4, 2019, 0),
(563, 166, 6, 17, 7, 2019, 0),
(564, 166, 6, 17, 10, 2019, 0),
(565, 80, 6, 0, 2, 2019, 0),
(566, 80, 6, 17, 5, 2019, 1),
(567, 80, 6, 9, 8, 2019, 0),
(568, 80, 6, 8, 11, 2019, 0),
(569, 134, 6, 0, 2, 2019, 0),
(570, 134, 6, 14, 5, 2019, 1),
(571, 134, 6, 6, 8, 2019, 0),
(572, 134, 6, 6, 11, 2019, 0),
(573, 167, 6, 0, 2, 2019, 0),
(574, 167, 6, 24, 5, 2019, 1),
(575, 167, 6, 22, 8, 2019, 0),
(576, 167, 6, 21, 11, 2019, 0),
(577, 15, 6, 0, 2, 2019, 0),
(578, 15, 6, 30, 5, 2019, 1),
(579, 15, 6, 15, 8, 2019, 0),
(580, 15, 6, 14, 11, 2019, 0),
(581, 20, 6, 0, 2, 2019, 0),
(582, 20, 6, 14, 5, 2019, 1),
(583, 20, 6, 6, 8, 2019, 0),
(584, 20, 6, 6, 11, 2019, 0),
(585, 67, 6, 0, 2, 2019, 0),
(586, 67, 6, 29, 5, 2019, 1),
(587, 67, 6, 14, 8, 2019, 0),
(588, 67, 6, 13, 11, 2019, 0),
(589, 102, 6, 0, 2, 2019, 0),
(590, 102, 6, 29, 5, 2019, 1),
(591, 102, 6, 14, 8, 2019, 0),
(592, 102, 6, 13, 11, 2019, 0),
(593, 74, 6, 0, 3, 2019, 0),
(594, 74, 6, 24, 6, 2019, 1),
(595, 74, 6, 18, 9, 2019, 0),
(596, 74, 6, 11, 12, 2019, 0),
(597, 117, 6, 0, 3, 2019, 0),
(598, 117, 6, 26, 6, 2019, 1),
(599, 117, 6, 18, 9, 2019, 0),
(600, 117, 6, 11, 12, 2019, 0),
(601, 120, 6, 0, 3, 2019, 0),
(602, 120, 6, 25, 6, 2019, 1),
(603, 120, 6, 18, 9, 2019, 0),
(604, 120, 6, 11, 12, 2019, 0),
(605, 31, 6, 0, 3, 2019, 0),
(606, 31, 6, 3, 6, 2019, 1),
(607, 31, 6, 12, 9, 2019, 0),
(608, 31, 6, 6, 12, 2019, 0),
(609, 34, 6, 0, 3, 2019, 0),
(610, 34, 6, 4, 6, 2019, 1),
(611, 34, 6, 5, 9, 2019, 0),
(612, 34, 6, 6, 12, 2019, 0),
(613, 109, 6, 0, 3, 2019, 0),
(614, 109, 6, 4, 6, 2019, 1),
(615, 109, 6, 5, 9, 2019, 0),
(616, 109, 6, 6, 12, 2019, 0),
(617, 19, 6, 0, 3, 2019, 0),
(618, 19, 6, 6, 6, 2019, 1),
(619, 19, 6, 5, 9, 2019, 0),
(620, 19, 6, 6, 12, 2019, 0),
(621, 148, 6, 0, 2, 2019, 0),
(622, 148, 6, 16, 5, 2019, 1),
(623, 148, 6, 8, 8, 2019, 0),
(624, 148, 6, 7, 11, 2019, 0),
(625, 116, 8, 0, 3, 2019, 0),
(626, 116, 8, 28, 6, 2019, 0),
(627, 116, 8, 0, 9, 2019, 0),
(628, 116, 8, 0, 12, 2019, 0),
(629, 106, 8, 0, 2, 2019, 0),
(761, 35, 7, 13, 5, 2019, 1),
(631, 106, 8, 17, 8, 2019, 0),
(632, 106, 8, 0, 11, 2019, 0),
(633, 169, 8, 0, 3, 2019, 0),
(634, 169, 8, 28, 6, 2019, 0),
(635, 169, 8, 0, 9, 2019, 0),
(636, 169, 8, 0, 12, 2019, 0),
(637, 140, 8, 0, 1, 2019, 0),
(638, 140, 8, 0, 4, 2019, 0),
(639, 140, 8, 31, 7, 2019, 0),
(640, 140, 8, 0, 10, 2019, 0),
(641, 71, 8, 0, 2, 2019, 0),
(767, 71, 8, 24, 5, 2019, 1),
(643, 71, 8, 17, 8, 2019, 0),
(644, 71, 8, 0, 11, 2019, 0),
(645, 168, 8, 0, 3, 2019, 0),
(646, 168, 8, 28, 6, 2019, 0),
(647, 168, 8, 0, 9, 2019, 0),
(648, 168, 8, 0, 12, 2019, 0),
(649, 145, 8, 0, 2, 2019, 0),
(766, 106, 8, 13, 5, 2019, 1),
(651, 145, 8, 10, 8, 2019, 0),
(652, 145, 8, 0, 11, 2019, 0),
(653, 92, 8, 0, 2, 2019, 0),
(654, 92, 8, 29, 5, 2019, 1),
(655, 92, 8, 13, 8, 2019, 0),
(656, 92, 8, 0, 11, 2019, 0),
(657, 7, 8, 0, 2, 2019, 0),
(658, 7, 8, 21, 5, 2019, 1),
(752, 7, 8, 22, 8, 2019, 0),
(753, 7, 8, 0, 11, 2019, 0),
(661, 90, 8, 0, 3, 2019, 0),
(662, 90, 8, 28, 6, 2019, 0),
(663, 90, 8, 0, 9, 2019, 0),
(664, 90, 8, 0, 12, 2019, 0),
(672, 69, 7, 0, 12, 2019, 0),
(764, 147, 7, 21, 5, 2019, 1),
(893, 69, 7, 12, 8, 2019, 0),
(669, 69, 7, 0, 3, 2019, 0),
(695, 1, 2, 0, 11, 2019, 0),
(757, 141, 3, 7, 5, 2019, 1),
(897, 83, 7, 0, 3, 2019, 0),
(896, 83, 7, 21, 6, 2019, 1),
(785, 14, 6, 0, 8, 2020, 0),
(784, 14, 6, 0, 5, 2020, 0),
(786, 14, 6, 0, 11, 2020, 0),
(783, 14, 6, 0, 2, 2020, 0),
(787, 14, 6, 0, 11, 2020, 0),
(788, 102, 6, 0, 2, 2020, 0),
(789, 102, 6, 0, 5, 2020, 0),
(790, 102, 6, 0, 11, 2020, 0),
(791, 166, 6, 0, 1, 2020, 0),
(792, 166, 6, 0, 4, 2020, 0),
(793, 166, 6, 0, 7, 2020, 0),
(794, 166, 6, 0, 10, 2020, 0),
(795, 157, 6, 0, 2, 2020, 0),
(796, 157, 6, 0, 5, 2020, 0),
(797, 157, 6, 0, 8, 2020, 0),
(798, 157, 6, 0, 11, 2020, 0),
(799, 148, 6, 0, 2, 2020, 0),
(800, 148, 6, 0, 5, 2020, 0),
(801, 148, 6, 0, 8, 2020, 0),
(802, 148, 6, 0, 11, 2020, 0),
(803, 146, 6, 0, 1, 2020, 0),
(804, 146, 6, 0, 4, 2020, 0),
(805, 146, 6, 0, 7, 2020, 0),
(806, 146, 6, 0, 10, 2020, 0),
(807, 134, 6, 0, 2, 2020, 0),
(808, 134, 6, 0, 5, 2020, 0),
(809, 134, 6, 0, 11, 2020, 0),
(810, 134, 6, 0, 8, 2020, 0),
(811, 122, 6, 0, 2, 2020, 0),
(812, 122, 6, 0, 5, 2020, 0),
(813, 122, 6, 0, 8, 2020, 0),
(814, 122, 6, 0, 11, 2020, 0),
(815, 121, 6, 0, 2, 2020, 0),
(816, 121, 6, 0, 5, 2020, 0),
(817, 121, 6, 0, 8, 2020, 0),
(818, 121, 6, 0, 11, 2020, 0),
(819, 120, 6, 0, 3, 2020, 0),
(820, 120, 6, 0, 6, 2020, 0),
(821, 120, 6, 0, 9, 2020, 0),
(822, 120, 6, 0, 12, 2020, 0),
(823, 117, 6, 0, 3, 2020, 0),
(824, 117, 6, 0, 6, 2020, 0),
(825, 117, 6, 0, 9, 2020, 0),
(826, 117, 6, 0, 12, 2020, 0),
(827, 109, 6, 0, 12, 2020, 0),
(828, 109, 6, 0, 9, 2020, 0),
(829, 109, 6, 0, 6, 2020, 0),
(830, 109, 6, 0, 3, 2020, 0),
(836, 15, 6, 0, 2, 2020, 0),
(832, 101, 6, 0, 6, 2020, 0),
(833, 101, 6, 0, 9, 2020, 0),
(834, 101, 6, 0, 12, 2020, 0),
(835, 101, 6, 0, 2, 2020, 0),
(837, 15, 6, 0, 8, 2020, 0),
(838, 15, 6, 0, 11, 2020, 0),
(839, 15, 6, 0, 5, 2020, 0),
(840, 98, 6, 0, 3, 2020, 0),
(841, 98, 6, 0, 6, 2020, 0),
(842, 98, 6, 0, 9, 2020, 0),
(843, 98, 6, 0, 12, 2020, 0),
(844, 94, 6, 0, 3, 2020, 0),
(845, 94, 6, 0, 6, 2020, 0),
(846, 94, 6, 0, 9, 2020, 0),
(847, 94, 6, 0, 12, 2020, 0),
(848, 80, 6, 0, 2, 2020, 0),
(849, 80, 6, 0, 5, 2020, 0),
(850, 80, 6, 0, 8, 2020, 0),
(851, 80, 6, 0, 11, 2020, 0),
(852, 74, 6, 0, 3, 2020, 0),
(853, 74, 6, 0, 6, 2020, 0),
(854, 74, 6, 0, 9, 2020, 0),
(855, 74, 6, 0, 12, 2020, 0),
(856, 67, 6, 0, 11, 2020, 0),
(857, 67, 6, 0, 8, 2020, 0),
(858, 67, 6, 0, 5, 2020, 0),
(859, 67, 6, 0, 2, 2020, 0),
(860, 37, 6, 0, 3, 2020, 0),
(861, 37, 6, 0, 6, 2020, 0),
(862, 37, 6, 0, 9, 2020, 0),
(863, 37, 6, 0, 12, 2020, 0),
(864, 34, 6, 0, 3, 2020, 0),
(865, 34, 6, 0, 6, 2020, 0),
(866, 34, 6, 0, 9, 2020, 0),
(867, 34, 6, 0, 12, 2020, 0),
(868, 32, 6, 0, 11, 2020, 0),
(869, 32, 6, 0, 8, 2020, 0),
(870, 32, 6, 0, 5, 2020, 0),
(871, 32, 6, 0, 2, 2020, 0),
(872, 31, 6, 0, 3, 2020, 0),
(873, 31, 6, 0, 6, 2020, 0),
(874, 31, 6, 0, 9, 2020, 0),
(875, 31, 6, 0, 12, 2020, 0),
(876, 20, 6, 0, 11, 2020, 0),
(877, 20, 6, 0, 8, 2020, 0),
(878, 20, 6, 0, 5, 2020, 0),
(879, 20, 6, 0, 2, 2020, 0),
(880, 19, 6, 0, 3, 2020, 0),
(881, 19, 6, 0, 6, 2020, 0),
(882, 19, 6, 0, 9, 2020, 0),
(883, 19, 6, 0, 12, 2020, 0),
(884, 167, 6, 0, 11, 2020, 0),
(885, 167, 6, 0, 8, 2020, 0),
(886, 167, 6, 0, 5, 2020, 0),
(887, 167, 6, 0, 2, 2020, 0),
(888, 102, 6, 0, 8, 2020, 0),
(889, 157, 6, 9, 8, 2019, 0),
(890, 157, 6, 8, 11, 2019, 0),
(899, 83, 7, 0, 9, 2019, 0);

-- --------------------------------------------------------

--
-- Структура таблицы `signs`
--

CREATE TABLE `signs` (
  `id` int(10) UNSIGNED NOT NULL,
  `line1` varchar(120) NOT NULL,
  `line2` varchar(120) NOT NULL,
  `line3` varchar(120) NOT NULL,
  `name` varchar(120) NOT NULL
) ENGINE=MyISAM DEFAULT CHARSET=utf8;

--
-- Дамп данных таблицы `signs`
--

INSERT INTO `signs` (`id`, `line1`, `line2`, `line3`, `name`) VALUES
(1, 'Директор по ИТС', 'филиала ПАО \"ФСК ЕЭС\" - МЭС Сибири', '', 'Е.В. Абрамченко'),
(2, 'Начальник Департамента', 'эксплуатационно-технического', 'обслуживания АО \"МУС Энергетики\"', 'В.А. Петренко'),
(3, 'С.В. Гончарик, П.В. Ковчин, С.В. Балбаров', '', '', '');

-- --------------------------------------------------------

--
-- Структура таблицы `subdivision`
--

CREATE TABLE `subdivision` (
  `id` int(11) NOT NULL,
  `subdivision` char(255) NOT NULL,
  `short_subdivision` char(255) NOT NULL,
  `city` char(255) NOT NULL,
  `address` char(255) NOT NULL
) ENGINE=InnoDB DEFAULT CHARSET=utf8;

--
-- Дамп данных таблицы `subdivision`
--

INSERT INTO `subdivision` (`id`, `subdivision`, `short_subdivision`, `city`, `address`) VALUES
(1, 'Оперативно техническая служба Сибири', 'ОТС Сибири', 'Красноярск', 'г. Красноярск. ул. Ады Лебедевой, д. 117; комната 1-34'),
(2, 'Группа управления и мониторинга систем связи Сибири', 'ГУиМС Сибири', 'Красноярск', 'г. Красноярск, ул. Ады Лебедевой, д. 117; комната 1-34'),
(3, 'Группа администрирования информационно-коммуникационных систем Сибири', 'ГАИКС Сибири', 'Красноярск', 'г. Красноярск, ул. Ады Лебедевой, д. 117; комната 1-35'),
(4, 'Красноярская эксплуатационно-ремонтная группа', 'Красноярская ЭРГ', 'Красноярск', 'г. Красноярск, ул. Пограничников, д. 105, стр. 5, офис 603'),
(5, 'Хакасская эксплуатационно-ремонтная группа', 'Хакасская ЭРГ', 'Саяногорск', 'г. Саяногорск, ул. Индустриальная, д. 39а ; комната 025'),
(6, 'Новосибирская эксплуатационно-ремонтная группа', 'Новосибирская ЭРГ', 'Новосибирск', 'г. Новосибирск, ул. Никитина, д. 20; комната фоис 317'),
(7, 'Омская эксплуатационно-ремонтная группа', 'Омская ЭРГ', 'Омск', 'г. Омск, ул. Губкина, д. 4; комната 28'),
(8, 'Томская эксплуатационно-ремонтная группа', 'Томская ЭРГ', 'Томск', 'г. Томск, ул. Энергетическая, д. 1'),
(9, 'Красноярская эксплуатационно-ремонтная группа', 'Красноярская ЭРГ', 'Мотыгино', 'ПС 220 кВ Раздолинская, п.Раздолинск'),
(10, 'Красноярская эксплуатационно-ремонтная группа', 'Красноярская ЭРГ', 'Пеледуй', 'п. Пеледуй, ул. Советская, д. 84, кв. 5'),
(11, 'Новосибирская эксплуатационно-ремонтная группа', 'Новосибирская ЭРГ', 'Кемерово', 'г. Кемерово, ул. Терешковой, д. 23');

-- --------------------------------------------------------

--
-- Структура таблицы `year_close`
--

CREATE TABLE `year_close` (
  `close` int(1) UNSIGNED NOT NULL,
  `id` int(1) NOT NULL
) ENGINE=MyISAM DEFAULT CHARSET=utf8;

--
-- Дамп данных таблицы `year_close`
--

INSERT INTO `year_close` (`close`, `id`) VALUES
(1, 1);

--
-- Индексы сохранённых таблиц
--

--
-- Индексы таблицы `equipment`
--
ALTER TABLE `equipment`
  ADD PRIMARY KEY (`id`);

--
-- Индексы таблицы `erg`
--
ALTER TABLE `erg`
  ADD PRIMARY KEY (`id`),
  ADD UNIQUE KEY `login` (`login`);

--
-- Индексы таблицы `fol_counterparty`
--
ALTER TABLE `fol_counterparty`
  ADD PRIMARY KEY (`id`),
  ADD UNIQUE KEY `name` (`name`);

--
-- Индексы таблицы `fol_list`
--
ALTER TABLE `fol_list`
  ADD PRIMARY KEY (`id`),
  ADD UNIQUE KEY `CRQ` (`CRQ`);

--
-- Индексы таблицы `fol_system_flag`
--
ALTER TABLE `fol_system_flag`
  ADD PRIMARY KEY (`id`);

--
-- Индексы таблицы `fol_working_process`
--
ALTER TABLE `fol_working_process`
  ADD PRIMARY KEY (`id`);

--
-- Индексы таблицы `log`
--
ALTER TABLE `log`
  ADD PRIMARY KEY (`id`);

--
-- Индексы таблицы `objects`
--
ALTER TABLE `objects`
  ADD PRIMARY KEY (`id`),
  ADD UNIQUE KEY `name` (`name`);

--
-- Индексы таблицы `personel`
--
ALTER TABLE `personel`
  ADD PRIMARY KEY (`id`);

--
-- Индексы таблицы `position`
--
ALTER TABLE `position`
  ADD PRIMARY KEY (`id`);

--
-- Индексы таблицы `role`
--
ALTER TABLE `role`
  ADD PRIMARY KEY (`id`);

--
-- Индексы таблицы `schedule`
--
ALTER TABLE `schedule`
  ADD PRIMARY KEY (`id`);

--
-- Индексы таблицы `signs`
--
ALTER TABLE `signs`
  ADD PRIMARY KEY (`id`);

--
-- Индексы таблицы `subdivision`
--
ALTER TABLE `subdivision`
  ADD PRIMARY KEY (`id`);

--
-- AUTO_INCREMENT для сохранённых таблиц
--

--
-- AUTO_INCREMENT для таблицы `equipment`
--
ALTER TABLE `equipment`
  MODIFY `id` int(10) UNSIGNED NOT NULL AUTO_INCREMENT, AUTO_INCREMENT=890;

--
-- AUTO_INCREMENT для таблицы `erg`
--
ALTER TABLE `erg`
  MODIFY `id` int(2) UNSIGNED NOT NULL AUTO_INCREMENT, AUTO_INCREMENT=12;

--
-- AUTO_INCREMENT для таблицы `fol_counterparty`
--
ALTER TABLE `fol_counterparty`
  MODIFY `id` int(11) NOT NULL AUTO_INCREMENT, AUTO_INCREMENT=60;

--
-- AUTO_INCREMENT для таблицы `fol_list`
--
ALTER TABLE `fol_list`
  MODIFY `id` int(11) NOT NULL AUTO_INCREMENT, AUTO_INCREMENT=89;

--
-- AUTO_INCREMENT для таблицы `fol_system_flag`
--
ALTER TABLE `fol_system_flag`
  MODIFY `id` int(11) NOT NULL AUTO_INCREMENT, AUTO_INCREMENT=8;

--
-- AUTO_INCREMENT для таблицы `fol_working_process`
--
ALTER TABLE `fol_working_process`
  MODIFY `id` int(11) NOT NULL AUTO_INCREMENT, AUTO_INCREMENT=77;

--
-- AUTO_INCREMENT для таблицы `log`
--
ALTER TABLE `log`
  MODIFY `id` int(20) NOT NULL AUTO_INCREMENT, AUTO_INCREMENT=110;

--
-- AUTO_INCREMENT для таблицы `objects`
--
ALTER TABLE `objects`
  MODIFY `id` int(4) UNSIGNED NOT NULL AUTO_INCREMENT, AUTO_INCREMENT=173;

--
-- AUTO_INCREMENT для таблицы `personel`
--
ALTER TABLE `personel`
  MODIFY `id` int(11) NOT NULL AUTO_INCREMENT, AUTO_INCREMENT=16;

--
-- AUTO_INCREMENT для таблицы `position`
--
ALTER TABLE `position`
  MODIFY `id` int(11) NOT NULL AUTO_INCREMENT, AUTO_INCREMENT=8;

--
-- AUTO_INCREMENT для таблицы `role`
--
ALTER TABLE `role`
  MODIFY `id` int(11) NOT NULL AUTO_INCREMENT, AUTO_INCREMENT=12;

--
-- AUTO_INCREMENT для таблицы `schedule`
--
ALTER TABLE `schedule`
  MODIFY `id` int(100) UNSIGNED NOT NULL AUTO_INCREMENT, AUTO_INCREMENT=904;

--
-- AUTO_INCREMENT для таблицы `signs`
--
ALTER TABLE `signs`
  MODIFY `id` int(10) UNSIGNED NOT NULL AUTO_INCREMENT, AUTO_INCREMENT=4;

--
-- AUTO_INCREMENT для таблицы `subdivision`
--
ALTER TABLE `subdivision`
  MODIFY `id` int(11) NOT NULL AUTO_INCREMENT, AUTO_INCREMENT=12;
COMMIT;

/*!40101 SET CHARACTER_SET_CLIENT=@OLD_CHARACTER_SET_CLIENT */;
/*!40101 SET CHARACTER_SET_RESULTS=@OLD_CHARACTER_SET_RESULTS */;
/*!40101 SET COLLATION_CONNECTION=@OLD_COLLATION_CONNECTION */;
